{
"type": "FeatureCollection",
"features": [
{ "type": "Feature", "properties": { "ID": 33695, "Access Days Time": "24 hours daily; pay lot", "EV Level1 EVSE Num": null, "EV Level2 EVSE Num": 4.0, "EV DC Fast Count": null, "Latitude": 37.7136, "Longitude": -122.2087, "geoid_str_": "2 (Tract 4090, Alameda, CA)", "total": 4.0 }, "geometry": { "type": "Point", "coordinates": [ -122.2087, 37.7136 ] } },
{ "type": "Feature", "properties": { "ID": 39893, "Access Days Time": "Dealership business hours", "EV Level1 EVSE Num": null, "EV Level2 EVSE Num": 2.0, "EV DC Fast Count": 1.0, "Latitude": 37.49864, "Longitude": -121.9734, "geoid_str_": "2 (Tract 4415.03, Alameda, CA)", "total": 3.0 }, "geometry": { "type": "Point", "coordinates": [ -121.9734, 37.49864 ] } },
{ "type": "Feature", "properties": { "ID": 39901, "Access Days Time": "Dealership business hours", "EV Level1 EVSE Num": null, "EV Level2 EVSE Num": 2.0, "EV DC Fast Count": 1.0, "Latitude": 37.662305, "Longitude": -122.075178, "geoid_str_": "3 (Tract 4365, Alameda, CA)", "total": 3.0 }, "geometry": { "type": "Point", "coordinates": [ -122.075178, 37.662305 ] } },
{ "type": "Feature", "properties": { "ID": 39937, "Access Days Time": "Dealership business hours", "EV Level1 EVSE Num": null, "EV Level2 EVSE Num": 2.0, "EV DC Fast Count": 1.0, "Latitude": 37.71267, "Longitude": -122.16245, "geoid_str_": "1 (Tract 4325.01, Alameda, CA)", "total": 3.0 }, "geometry": { "type": "Point", "coordinates": [ -122.16245, 37.71267 ] } },
{ "type": "Feature", "properties": { "ID": 45313, "Access Days Time": "24 hours daily", "EV Level1 EVSE Num": null, "EV Level2 EVSE Num": 1.0, "EV DC Fast Count": null, "Latitude": 37.702909, "Longitude": -121.91835, "geoid_str_": "2 (Tract 4503, Alameda, CA)", "total": 1.0 }, "geometry": { "type": "Point", "coordinates": [ -121.91835, 37.702909 ] } },
{ "type": "Feature", "properties": { "ID": 46721, "Access Days Time": "Dealership business hours", "EV Level1 EVSE Num": null, "EV Level2 EVSE Num": 4.0, "EV DC Fast Count": 1.0, "Latitude": 37.70271, "Longitude": -121.91118, "geoid_str_": "2 (Tract 4503, Alameda, CA)", "total": 5.0 }, "geometry": { "type": "Point", "coordinates": [ -121.91118, 37.70271 ] } },
{ "type": "Feature", "properties": { "ID": 50736, "Access Days Time": "24 hours daily; pay lot", "EV Level1 EVSE Num": null, "EV Level2 EVSE Num": 2.0, "EV DC Fast Count": null, "Latitude": 37.7153, "Longitude": -122.2145, "geoid_str_": "2 (Tract 4090, Alameda, CA)", "total": 2.0 }, "geometry": { "type": "Point", "coordinates": [ -122.2145, 37.7153 ] } },
{ "type": "Feature", "properties": { "ID": 53723, "Access Days Time": "Mon: 6:00am-11:59pm; Tue: 6:00am-11:59pm; Wed: 6:00am-11:59pm; Thu: 6:00am-11:59pm; Fri: 6:00am-11:59pm; Sat: 6:00am-11:59pm; Sun: 6:00am-11:59pm", "EV Level1 EVSE Num": null, "EV Level2 EVSE Num": 2.0, "EV DC Fast Count": null, "Latitude": 37.756866, "Longitude": -122.253103, "geoid_str_": "1 (Tract 4284, Alameda, CA)", "total": 2.0 }, "geometry": { "type": "Point", "coordinates": [ -122.253103, 37.756866 ] } },
{ "type": "Feature", "properties": { "ID": 60677, "Access Days Time": "Sat: 12:00am-12:00am; Sun: 12:00am-12:00am", "EV Level1 EVSE Num": null, "EV Level2 EVSE Num": 2.0, "EV DC Fast Count": null, "Latitude": 37.700176, "Longitude": -121.892147, "geoid_str_": "2 (Tract 4507.43, Alameda, CA)", "total": 2.0 }, "geometry": { "type": "Point", "coordinates": [ -121.892147, 37.700176 ] } },
{ "type": "Feature", "properties": { "ID": 61854, "Access Days Time": "Restricted to garage hours; pay lot; see valet for access; Drivers must bring their own J1772 cordset for Level 1 charging", "EV Level1 EVSE Num": 4.0, "EV Level2 EVSE Num": 2.0, "EV DC Fast Count": null, "Latitude": 37.810716, "Longitude": -122.263905, "geoid_str_": "1 (Tract 4029, Alameda, CA)", "total": 6.0 }, "geometry": { "type": "Point", "coordinates": [ -122.263905, 37.810716 ] } },
{ "type": "Feature", "properties": { "ID": 81325, "Access Days Time": "24 hours daily", "EV Level1 EVSE Num": null, "EV Level2 EVSE Num": 4.0, "EV DC Fast Count": null, "Latitude": 37.69435, "Longitude": -121.74205, "geoid_str_": "1 (Tract 4515.04, Alameda, CA)", "total": 4.0 }, "geometry": { "type": "Point", "coordinates": [ -121.74205, 37.69435 ] } },
{ "type": "Feature", "properties": { "ID": 95537, "Access Days Time": "24 hours daily", "EV Level1 EVSE Num": null, "EV Level2 EVSE Num": 2.0, "EV DC Fast Count": null, "Latitude": 37.682743, "Longitude": -121.90053, "geoid_str_": "2 (Tract 4507.43, Alameda, CA)", "total": 2.0 }, "geometry": { "type": "Point", "coordinates": [ -121.90053, 37.682743 ] } },
{ "type": "Feature", "properties": { "ID": 95548, "Access Days Time": "24 hours daily", "EV Level1 EVSE Num": null, "EV Level2 EVSE Num": 5.0, "EV DC Fast Count": null, "Latitude": 37.530487416, "Longitude": -121.9148973, "geoid_str_": "3 (Tract 4431.03, Alameda, CA)", "total": 5.0 }, "geometry": { "type": "Point", "coordinates": [ -121.9148973, 37.530487416 ] } },
{ "type": "Feature", "properties": { "ID": 95870, "Access Days Time": "24 hours daily", "EV Level1 EVSE Num": null, "EV Level2 EVSE Num": 10.0, "EV DC Fast Count": null, "Latitude": 37.671625469229589, "Longitude": -122.08477436143797, "geoid_str_": "2 (Tract 4354, Alameda, CA)", "total": 10.0 }, "geometry": { "type": "Point", "coordinates": [ -122.084774361437965, 37.671625469229589 ] } },
{ "type": "Feature", "properties": { "ID": 96775, "Access Days Time": "8am-6pm M-F", "EV Level1 EVSE Num": null, "EV Level2 EVSE Num": 3.0, "EV DC Fast Count": null, "Latitude": 37.466791, "Longitude": -121.929602, "geoid_str_": "2 (Tract 4415.03, Alameda, CA)", "total": 3.0 }, "geometry": { "type": "Point", "coordinates": [ -121.929602, 37.466791 ] } },
{ "type": "Feature", "properties": { "ID": 102015, "Access Days Time": "24 hours daily. Please check Tesla's online station map to see if an adapter is required at this location.", "EV Level1 EVSE Num": null, "EV Level2 EVSE Num": null, "EV DC Fast Count": 14.0, "Latitude": 37.703163, "Longitude": -121.925304, "geoid_str_": "3 (Tract 4504, Alameda, CA)", "total": 14.0 }, "geometry": { "type": "Point", "coordinates": [ -121.925304, 37.703163 ] } },
{ "type": "Feature", "properties": { "ID": 102024, "Access Days Time": "24 hours daily. Please check Tesla's online station map to see if an adapter is required at this location.", "EV Level1 EVSE Num": null, "EV Level2 EVSE Num": null, "EV DC Fast Count": 12.0, "Latitude": 37.544293, "Longitude": -121.984002, "geoid_str_": "4 (Tract 4419.23, Alameda, CA)", "total": 12.0 }, "geometry": { "type": "Point", "coordinates": [ -121.984002, 37.544293 ] } },
{ "type": "Feature", "properties": { "ID": 102025, "Access Days Time": "24 hours daily. Please check Tesla's online station map to see if an adapter is required at this location.", "EV Level1 EVSE Num": null, "EV Level2 EVSE Num": null, "EV DC Fast Count": 12.0, "Latitude": 37.492713, "Longitude": -121.944627, "geoid_str_": "3 (Tract 4415.25, Alameda, CA)", "total": 12.0 }, "geometry": { "type": "Point", "coordinates": [ -121.944627, 37.492713 ] } },
{ "type": "Feature", "properties": { "ID": 102598, "Access Days Time": "24 hours daily", "EV Level1 EVSE Num": null, "EV Level2 EVSE Num": 2.0, "EV DC Fast Count": null, "Latitude": 37.727004, "Longitude": -122.231887, "geoid_str_": "4 (Tract 4283.01, Alameda, CA)", "total": 2.0 }, "geometry": { "type": "Point", "coordinates": [ -122.231887, 37.727004 ] } },
{ "type": "Feature", "properties": { "ID": 112859, "Access Days Time": null, "EV Level1 EVSE Num": null, "EV Level2 EVSE Num": 3.0, "EV DC Fast Count": null, "Latitude": 37.867942, "Longitude": -122.256305, "geoid_str_": "1 (Tract 4228, Alameda, CA)", "total": 3.0 }, "geometry": { "type": "Point", "coordinates": [ -122.256305, 37.867942 ] } },
{ "type": "Feature", "properties": { "ID": 112860, "Access Days Time": null, "EV Level1 EVSE Num": null, "EV Level2 EVSE Num": 1.0, "EV DC Fast Count": null, "Latitude": 37.857507, "Longitude": -122.24184, "geoid_str_": "1 (Tract 4001, Alameda, CA)", "total": 1.0 }, "geometry": { "type": "Point", "coordinates": [ -122.24184, 37.857507 ] } },
{ "type": "Feature", "properties": { "ID": 112960, "Access Days Time": null, "EV Level1 EVSE Num": null, "EV Level2 EVSE Num": 4.0, "EV DC Fast Count": null, "Latitude": 37.83963, "Longitude": -122.292879, "geoid_str_": "3 (Tract 4251.02, Alameda, CA)", "total": 4.0 }, "geometry": { "type": "Point", "coordinates": [ -122.292879, 37.83963 ] } },
{ "type": "Feature", "properties": { "ID": 112975, "Access Days Time": null, "EV Level1 EVSE Num": null, "EV Level2 EVSE Num": 4.0, "EV DC Fast Count": null, "Latitude": 37.483726, "Longitude": -121.939835, "geoid_str_": "2 (Tract 4415.03, Alameda, CA)", "total": 4.0 }, "geometry": { "type": "Point", "coordinates": [ -121.939835, 37.483726 ] } },
{ "type": "Feature", "properties": { "ID": 112976, "Access Days Time": null, "EV Level1 EVSE Num": null, "EV Level2 EVSE Num": 4.0, "EV DC Fast Count": null, "Latitude": 37.488967, "Longitude": -121.94617, "geoid_str_": "2 (Tract 4415.03, Alameda, CA)", "total": 4.0 }, "geometry": { "type": "Point", "coordinates": [ -121.94617, 37.488967 ] } },
{ "type": "Feature", "properties": { "ID": 112977, "Access Days Time": null, "EV Level1 EVSE Num": null, "EV Level2 EVSE Num": 2.0, "EV DC Fast Count": null, "Latitude": 37.532181, "Longitude": -122.000213, "geoid_str_": "1 (Tract 4428, Alameda, CA)", "total": 2.0 }, "geometry": { "type": "Point", "coordinates": [ -122.000213, 37.532181 ] } },
{ "type": "Feature", "properties": { "ID": 113169, "Access Days Time": null, "EV Level1 EVSE Num": null, "EV Level2 EVSE Num": 4.0, "EV DC Fast Count": null, "Latitude": 37.521383, "Longitude": -121.990955, "geoid_str_": "1 (Tract 4446.02, Alameda, CA)", "total": 4.0 }, "geometry": { "type": "Point", "coordinates": [ -121.990955, 37.521383 ] } },
{ "type": "Feature", "properties": { "ID": 113179, "Access Days Time": null, "EV Level1 EVSE Num": null, "EV Level2 EVSE Num": 3.0, "EV DC Fast Count": null, "Latitude": 37.725841, "Longitude": -122.198335, "geoid_str_": "3 (Tract 4090, Alameda, CA)", "total": 3.0 }, "geometry": { "type": "Point", "coordinates": [ -122.198335, 37.725841 ] } },
{ "type": "Feature", "properties": { "ID": 113180, "Access Days Time": null, "EV Level1 EVSE Num": null, "EV Level2 EVSE Num": 3.0, "EV DC Fast Count": null, "Latitude": 37.730079, "Longitude": -122.213042, "geoid_str_": "2 (Tract 4090, Alameda, CA)", "total": 3.0 }, "geometry": { "type": "Point", "coordinates": [ -122.213042, 37.730079 ] } },
{ "type": "Feature", "properties": { "ID": 113273, "Access Days Time": null, "EV Level1 EVSE Num": null, "EV Level2 EVSE Num": 4.0, "EV DC Fast Count": null, "Latitude": 37.663977, "Longitude": -121.874814, "geoid_str_": "2 (Tract 4506.07, Alameda, CA)", "total": 4.0 }, "geometry": { "type": "Point", "coordinates": [ -121.874814, 37.663977 ] } },
{ "type": "Feature", "properties": { "ID": 113351, "Access Days Time": null, "EV Level1 EVSE Num": null, "EV Level2 EVSE Num": 8.0, "EV DC Fast Count": null, "Latitude": 37.685716, "Longitude": -122.132684, "geoid_str_": "2 (Tract 4336, Alameda, CA)", "total": 8.0 }, "geometry": { "type": "Point", "coordinates": [ -122.132684, 37.685716 ] } },
{ "type": "Feature", "properties": { "ID": 116778, "Access Days Time": "24 hours daily. Please check Tesla's online station map to see if an adapter is required at this location.", "EV Level1 EVSE Num": null, "EV Level2 EVSE Num": null, "EV DC Fast Count": 12.0, "Latitude": 37.756611, "Longitude": -122.249282, "geoid_str_": "1 (Tract 4284, Alameda, CA)", "total": 12.0 }, "geometry": { "type": "Point", "coordinates": [ -122.249282, 37.756611 ] } },
{ "type": "Feature", "properties": { "ID": 116780, "Access Days Time": "24 hours daily. Please check Tesla's online station map to see if an adapter is required at this location.", "EV Level1 EVSE Num": null, "EV Level2 EVSE Num": null, "EV DC Fast Count": 20.0, "Latitude": 37.700342, "Longitude": -121.840938, "geoid_str_": "3 (Tract 4513, Alameda, CA)", "total": 20.0 }, "geometry": { "type": "Point", "coordinates": [ -121.840938, 37.700342 ] } },
{ "type": "Feature", "properties": { "ID": 121788, "Access Days Time": "24 hours daily", "EV Level1 EVSE Num": null, "EV Level2 EVSE Num": null, "EV DC Fast Count": 10.0, "Latitude": 37.70005, "Longitude": -121.84093, "geoid_str_": "3 (Tract 4513, Alameda, CA)", "total": 10.0 }, "geometry": { "type": "Point", "coordinates": [ -121.84093, 37.70005 ] } },
{ "type": "Feature", "properties": { "ID": 122373, "Access Days Time": null, "EV Level1 EVSE Num": null, "EV Level2 EVSE Num": 2.0, "EV DC Fast Count": null, "Latitude": 37.704375, "Longitude": -121.865755, "geoid_str_": "1 (Tract 4507.50, Alameda, CA)", "total": 2.0 }, "geometry": { "type": "Point", "coordinates": [ -121.865755, 37.704375 ] } },
{ "type": "Feature", "properties": { "ID": 149313, "Access Days Time": "24 hours daily. Please check Tesla's online station map to see if an adapter is required at this location.", "EV Level1 EVSE Num": null, "EV Level2 EVSE Num": null, "EV DC Fast Count": 16.0, "Latitude": 37.667211, "Longitude": -122.120366, "geoid_str_": "4 (Tract 4371.01, Alameda, CA)", "total": 16.0 }, "geometry": { "type": "Point", "coordinates": [ -122.120366, 37.667211 ] } },
{ "type": "Feature", "properties": { "ID": 149336, "Access Days Time": "24 hours daily. Please check Tesla's online station map to see if an adapter is required at this location.", "EV Level1 EVSE Num": null, "EV Level2 EVSE Num": null, "EV DC Fast Count": 16.0, "Latitude": 37.525919, "Longitude": -122.006513, "geoid_str_": "1 (Tract 4446.02, Alameda, CA)", "total": 16.0 }, "geometry": { "type": "Point", "coordinates": [ -122.006513, 37.525919 ] } },
{ "type": "Feature", "properties": { "ID": 149345, "Access Days Time": "24 hours daily. Please check Tesla's online station map to see if an adapter is required at this location.", "EV Level1 EVSE Num": null, "EV Level2 EVSE Num": null, "EV DC Fast Count": 10.0, "Latitude": 37.700246, "Longitude": -121.908226, "geoid_str_": "4 (Tract 4506.03, Alameda, CA)", "total": 10.0 }, "geometry": { "type": "Point", "coordinates": [ -121.908226, 37.700246 ] } },
{ "type": "Feature", "properties": { "ID": 149638, "Access Days Time": "24 hours daily", "EV Level1 EVSE Num": null, "EV Level2 EVSE Num": 1.0, "EV DC Fast Count": 3.0, "Latitude": 37.70068, "Longitude": -121.8844, "geoid_str_": "2 (Tract 4507.43, Alameda, CA)", "total": 4.0 }, "geometry": { "type": "Point", "coordinates": [ -121.8844, 37.70068 ] } },
{ "type": "Feature", "properties": { "ID": 150477, "Access Days Time": "24 hours daily", "EV Level1 EVSE Num": null, "EV Level2 EVSE Num": null, "EV DC Fast Count": 6.0, "Latitude": 37.78958, "Longitude": -122.28003, "geoid_str_": "3 (Tract 4287, Alameda, CA)", "total": 6.0 }, "geometry": { "type": "Point", "coordinates": [ -122.28003, 37.78958 ] } },
{ "type": "Feature", "properties": { "ID": 150501, "Access Days Time": null, "EV Level1 EVSE Num": null, "EV Level2 EVSE Num": 2.0, "EV DC Fast Count": null, "Latitude": 37.535982, "Longitude": -122.062901, "geoid_str_": "2 (Tract 4443.01, Alameda, CA)", "total": 2.0 }, "geometry": { "type": "Point", "coordinates": [ -122.062901, 37.535982 ] } },
{ "type": "Feature", "properties": { "ID": 150778, "Access Days Time": "24 hours daily", "EV Level1 EVSE Num": null, "EV Level2 EVSE Num": 10.0, "EV DC Fast Count": null, "Latitude": 37.669, "Longitude": -121.874, "geoid_str_": "1 (Tract 4506.05, Alameda, CA)", "total": 10.0 }, "geometry": { "type": "Point", "coordinates": [ -121.874, 37.669 ] } },
{ "type": "Feature", "properties": { "ID": 151066, "Access Days Time": "Mon: 6:00am-11:59pm; Tue: 6:00am-11:59pm; Wed: 6:00am-11:59pm; Thu: 6:00am-11:59pm; Fri: 6:00am-11:59pm; Sat: 6:00am-11:59pm; Sun: 6:00am-11:59pm", "EV Level1 EVSE Num": null, "EV Level2 EVSE Num": 7.0, "EV DC Fast Count": null, "Latitude": 37.833765, "Longitude": -122.291804, "geoid_str_": "2 (Tract 4251.02, Alameda, CA)", "total": 7.0 }, "geometry": { "type": "Point", "coordinates": [ -122.291804, 37.833765 ] } },
{ "type": "Feature", "properties": { "ID": 151067, "Access Days Time": "Mon: 6:00am-11:59pm; Tue: 6:00am-11:59pm; Wed: 6:00am-11:59pm; Thu: 6:00am-11:59pm; Fri: 6:00am-11:59pm; Sat: 6:00am-11:59pm; Sun: 6:00am-11:59pm", "EV Level1 EVSE Num": null, "EV Level2 EVSE Num": 2.0, "EV DC Fast Count": null, "Latitude": 37.836685, "Longitude": -122.294625, "geoid_str_": "2 (Tract 4251.02, Alameda, CA)", "total": 2.0 }, "geometry": { "type": "Point", "coordinates": [ -122.294625, 37.836685 ] } },
{ "type": "Feature", "properties": { "ID": 151071, "Access Days Time": "Mon: 6:00am-11:59pm; Tue: 6:00am-11:59pm; Wed: 6:00am-11:59pm; Thu: 6:00am-11:59pm; Fri: 6:00am-11:59pm; Sat: 6:00am-11:59pm; Sun: 6:00am-11:59pm", "EV Level1 EVSE Num": null, "EV Level2 EVSE Num": 2.0, "EV DC Fast Count": null, "Latitude": 37.504671, "Longitude": -121.971961, "geoid_str_": "2 (Tract 4415.03, Alameda, CA)", "total": 2.0 }, "geometry": { "type": "Point", "coordinates": [ -121.971961, 37.504671 ] } },
{ "type": "Feature", "properties": { "ID": 151249, "Access Days Time": "Mon: 8:00am-10:00pm; Tue: 8:00am-10:00pm; Wed: 8:00am-10:00pm; Thu: 8:00am-10:00pm; Fri: 8:00am-10:00pm; Sat: 8:00am-10:00pm; Sun: 8:00am-10:00pm", "EV Level1 EVSE Num": null, "EV Level2 EVSE Num": 2.0, "EV DC Fast Count": null, "Latitude": 37.701627, "Longitude": -122.126322, "geoid_str_": "1 (Tract 4331.02, Alameda, CA)", "total": 2.0 }, "geometry": { "type": "Point", "coordinates": [ -122.126322, 37.701627 ] } },
{ "type": "Feature", "properties": { "ID": 152493, "Access Days Time": "24 hours daily", "EV Level1 EVSE Num": null, "EV Level2 EVSE Num": 2.0, "EV DC Fast Count": null, "Latitude": 37.706537, "Longitude": -121.900961, "geoid_str_": "1 (Tract 4501.02, Alameda, CA)", "total": 2.0 }, "geometry": { "type": "Point", "coordinates": [ -121.900961, 37.706537 ] } },
{ "type": "Feature", "properties": { "ID": 152856, "Access Days Time": "Mon: 6:00am-11:59pm; Tue: 6:00am-11:59pm; Wed: 6:00am-11:59pm; Thu: 6:00am-11:59pm; Fri: 8:00am-11:59pm; Sat: 6:00am-11:59pm; Sun: 6:00am-11:59pm", "EV Level1 EVSE Num": null, "EV Level2 EVSE Num": null, "EV DC Fast Count": 1.0, "Latitude": 37.527595, "Longitude": -122.002632, "geoid_str_": "1 (Tract 4446.02, Alameda, CA)", "total": 1.0 }, "geometry": { "type": "Point", "coordinates": [ -122.002632, 37.527595 ] } },
{ "type": "Feature", "properties": { "ID": 152863, "Access Days Time": "Mon: 6:00am-11:59pm; Tue: 6:00am-11:59pm; Wed: 6:00am-11:59pm; Thu: 6:00am-11:59pm; Fri: 6:00am-11:59pm; Sat: 6:00am-11:59pm; Sun: 6:00am-11:59pm", "EV Level1 EVSE Num": null, "EV Level2 EVSE Num": 2.0, "EV DC Fast Count": null, "Latitude": 37.752065, "Longitude": -122.203197, "geoid_str_": "3 (Tract 4090, Alameda, CA)", "total": 2.0 }, "geometry": { "type": "Point", "coordinates": [ -122.203197, 37.752065 ] } },
{ "type": "Feature", "properties": { "ID": 152864, "Access Days Time": "Mon: 6:00am-11:59pm; Tue: 6:00am-11:59pm; Wed: 6:00am-11:59pm; Thu: 6:00am-11:59pm; Fri: 6:00am-11:59pm; Sat: 6:00am-11:59pm; Sun: 6:00am-11:59pm", "EV Level1 EVSE Num": null, "EV Level2 EVSE Num": 2.0, "EV DC Fast Count": null, "Latitude": 37.702007, "Longitude": -122.125516, "geoid_str_": "1 (Tract 4331.02, Alameda, CA)", "total": 2.0 }, "geometry": { "type": "Point", "coordinates": [ -122.125516, 37.702007 ] } },
{ "type": "Feature", "properties": { "ID": 152865, "Access Days Time": "Mon: 6:00am-11:59pm; Tue: 6:00am-11:59pm; Wed: 6:00am-11:59pm; Thu: 6:00am-11:59pm; Fri: 6:00am-11:59pm; Sat: 6:00am-11:59pm; Sun: 6:00am-11:59pm", "EV Level1 EVSE Num": null, "EV Level2 EVSE Num": null, "EV DC Fast Count": 1.0, "Latitude": 37.651926, "Longitude": -122.100304, "geoid_str_": "3 (Tract 4370, Alameda, CA)", "total": 1.0 }, "geometry": { "type": "Point", "coordinates": [ -122.100304, 37.651926 ] } },
{ "type": "Feature", "properties": { "ID": 152866, "Access Days Time": "Mon: 6:00am-11:59pm; Tue: 6:00am-11:59pm; Wed: 6:00am-11:59pm; Thu: 6:00am-11:59pm; Fri: 6:00am-11:59pm; Sat: 6:00am-11:59pm; Sun: 6:00am-11:59pm", "EV Level1 EVSE Num": null, "EV Level2 EVSE Num": 2.0, "EV DC Fast Count": null, "Latitude": 37.651737, "Longitude": -122.100236, "geoid_str_": "3 (Tract 4370, Alameda, CA)", "total": 2.0 }, "geometry": { "type": "Point", "coordinates": [ -122.100236, 37.651737 ] } },
{ "type": "Feature", "properties": { "ID": 152867, "Access Days Time": "Mon: 6:00am-11:59pm; Tue: 6:00am-11:59pm; Wed: 6:00am-11:59pm; Thu: 6:00am-11:59pm; Fri: 6:00am-11:59pm; Sat: 6:00am-11:59pm; Sun: 6:00am-11:59pm", "EV Level1 EVSE Num": null, "EV Level2 EVSE Num": 2.0, "EV DC Fast Count": null, "Latitude": 37.69328, "Longitude": -121.928055, "geoid_str_": "1 (Tract 4506.09, Alameda, CA)", "total": 2.0 }, "geometry": { "type": "Point", "coordinates": [ -121.928055, 37.69328 ] } },
{ "type": "Feature", "properties": { "ID": 152868, "Access Days Time": "Mon: 6:00am-11:59pm; Tue: 6:00am-11:59pm; Wed: 6:00am-11:59pm; Thu: 6:00am-11:59pm; Fri: 6:00am-11:59pm; Sat: 6:00am-11:59pm; Sun: 6:00am-11:59pm", "EV Level1 EVSE Num": null, "EV Level2 EVSE Num": 2.0, "EV DC Fast Count": null, "Latitude": 37.693356, "Longitude": -121.92916, "geoid_str_": "1 (Tract 4506.09, Alameda, CA)", "total": 2.0 }, "geometry": { "type": "Point", "coordinates": [ -121.92916, 37.693356 ] } },
{ "type": "Feature", "properties": { "ID": 153165, "Access Days Time": "24 hours daily", "EV Level1 EVSE Num": null, "EV Level2 EVSE Num": 1.0, "EV DC Fast Count": 3.0, "Latitude": 37.51092, "Longitude": -121.94216, "geoid_str_": "2 (Tract 4415.25, Alameda, CA)", "total": 4.0 }, "geometry": { "type": "Point", "coordinates": [ -121.94216, 37.51092 ] } },
{ "type": "Feature", "properties": { "ID": 153166, "Access Days Time": "24 hours daily", "EV Level1 EVSE Num": null, "EV Level2 EVSE Num": 1.0, "EV DC Fast Count": 3.0, "Latitude": 37.7158, "Longitude": -122.17714, "geoid_str_": "1 (Tract 4324, Alameda, CA)", "total": 4.0 }, "geometry": { "type": "Point", "coordinates": [ -122.17714, 37.7158 ] } },
{ "type": "Feature", "properties": { "ID": 153240, "Access Days Time": "24 hours daily", "EV Level1 EVSE Num": null, "EV Level2 EVSE Num": null, "EV DC Fast Count": 3.0, "Latitude": 37.69479, "Longitude": -122.08156, "geoid_str_": "2 (Tract 4310, Alameda, CA)", "total": 3.0 }, "geometry": { "type": "Point", "coordinates": [ -122.08156, 37.69479 ] } },
{ "type": "Feature", "properties": { "ID": 153241, "Access Days Time": "24 hours daily", "EV Level1 EVSE Num": null, "EV Level2 EVSE Num": null, "EV DC Fast Count": 3.0, "Latitude": 37.56716, "Longitude": -122.02416, "geoid_str_": "1 (Tract 4413.02, Alameda, CA)", "total": 3.0 }, "geometry": { "type": "Point", "coordinates": [ -122.02416, 37.56716 ] } },
{ "type": "Feature", "properties": { "ID": 153565, "Access Days Time": "24 hours daily", "EV Level1 EVSE Num": null, "EV Level2 EVSE Num": 1.0, "EV DC Fast Count": 3.0, "Latitude": 37.60423, "Longitude": -122.06859, "geoid_str_": "2 (Tract 4403.33, Alameda, CA)", "total": 4.0 }, "geometry": { "type": "Point", "coordinates": [ -122.06859, 37.60423 ] } },
{ "type": "Feature", "properties": { "ID": 154271, "Access Days Time": "24 hours daily", "EV Level1 EVSE Num": null, "EV Level2 EVSE Num": 2.0, "EV DC Fast Count": null, "Latitude": 37.593046, "Longitude": -122.089761, "geoid_str_": "1 (Tract 4403.31, Alameda, CA)", "total": 2.0 }, "geometry": { "type": "Point", "coordinates": [ -122.089761, 37.593046 ] } },
{ "type": "Feature", "properties": { "ID": 154345, "Access Days Time": "24 hours daily", "EV Level1 EVSE Num": null, "EV Level2 EVSE Num": null, "EV DC Fast Count": 3.0, "Latitude": 37.79966, "Longitude": -122.25313, "geoid_str_": "1 (Tract 4053.02, Alameda, CA)", "total": 3.0 }, "geometry": { "type": "Point", "coordinates": [ -122.25313, 37.79966 ] } },
{ "type": "Feature", "properties": { "ID": 155049, "Access Days Time": "24 hours daily", "EV Level1 EVSE Num": null, "EV Level2 EVSE Num": 2.0, "EV DC Fast Count": null, "Latitude": 37.624682, "Longitude": -122.10014, "geoid_str_": "2 (Tract 4371.02, Alameda, CA)", "total": 2.0 }, "geometry": { "type": "Point", "coordinates": [ -122.10014, 37.624682 ] } },
{ "type": "Feature", "properties": { "ID": 155167, "Access Days Time": "24 hours daily. Please check Tesla's online station map to see if an adapter is required at this location.", "EV Level1 EVSE Num": null, "EV Level2 EVSE Num": null, "EV DC Fast Count": 12.0, "Latitude": 37.837493, "Longitude": -122.295505, "geoid_str_": "2 (Tract 4251.02, Alameda, CA)", "total": 12.0 }, "geometry": { "type": "Point", "coordinates": [ -122.295505, 37.837493 ] } },
{ "type": "Feature", "properties": { "ID": 155576, "Access Days Time": "24 hours daily", "EV Level1 EVSE Num": null, "EV Level2 EVSE Num": null, "EV DC Fast Count": 3.0, "Latitude": 37.83268, "Longitude": -122.27974, "geoid_str_": "1 (Tract 4251.04, Alameda, CA)", "total": 3.0 }, "geometry": { "type": "Point", "coordinates": [ -122.27974, 37.83268 ] } },
{ "type": "Feature", "properties": { "ID": 155978, "Access Days Time": "24 hours daily", "EV Level1 EVSE Num": null, "EV Level2 EVSE Num": 2.0, "EV DC Fast Count": null, "Latitude": 37.642405, "Longitude": -122.086168, "geoid_str_": "2 (Tract 4374, Alameda, CA)", "total": 2.0 }, "geometry": { "type": "Point", "coordinates": [ -122.086168, 37.642405 ] } },
{ "type": "Feature", "properties": { "ID": 155979, "Access Days Time": "24 hours daily", "EV Level1 EVSE Num": null, "EV Level2 EVSE Num": 2.0, "EV DC Fast Count": null, "Latitude": 37.65658, "Longitude": -122.083414, "geoid_str_": "2 (Tract 4366.02, Alameda, CA)", "total": 2.0 }, "geometry": { "type": "Point", "coordinates": [ -122.083414, 37.65658 ] } },
{ "type": "Feature", "properties": { "ID": 155982, "Access Days Time": "24 hours daily", "EV Level1 EVSE Num": null, "EV Level2 EVSE Num": 11.0, "EV DC Fast Count": null, "Latitude": 37.67183, "Longitude": -122.069135, "geoid_str_": "4 (Tract 4364.03, Alameda, CA)", "total": 11.0 }, "geometry": { "type": "Point", "coordinates": [ -122.069135, 37.67183 ] } },
{ "type": "Feature", "properties": { "ID": 157976, "Access Days Time": "24 hours daily. Please check Tesla's online station map to see if an adapter is required at this location.", "EV Level1 EVSE Num": null, "EV Level2 EVSE Num": null, "EV DC Fast Count": 16.0, "Latitude": 37.746162, "Longitude": -122.195179, "geoid_str_": "1 (Tract 4090, Alameda, CA)", "total": 16.0 }, "geometry": { "type": "Point", "coordinates": [ -122.195179, 37.746162 ] } },
{ "type": "Feature", "properties": { "ID": 158681, "Access Days Time": "24 hours daily", "EV Level1 EVSE Num": null, "EV Level2 EVSE Num": 1.0, "EV DC Fast Count": null, "Latitude": 37.732015, "Longitude": -122.200353, "geoid_str_": "3 (Tract 4090, Alameda, CA)", "total": 1.0 }, "geometry": { "type": "Point", "coordinates": [ -122.200353, 37.732015 ] } },
{ "type": "Feature", "properties": { "ID": 158686, "Access Days Time": "24 hours daily", "EV Level1 EVSE Num": null, "EV Level2 EVSE Num": 2.0, "EV DC Fast Count": null, "Latitude": 37.704735, "Longitude": -121.919655, "geoid_str_": "3 (Tract 4503, Alameda, CA)", "total": 2.0 }, "geometry": { "type": "Point", "coordinates": [ -121.919655, 37.704735 ] } },
{ "type": "Feature", "properties": { "ID": 158710, "Access Days Time": "24 hours daily", "EV Level1 EVSE Num": null, "EV Level2 EVSE Num": 2.0, "EV DC Fast Count": null, "Latitude": 37.870992, "Longitude": -122.269747, "geoid_str_": "3 (Tract 4229.02, Alameda, CA)", "total": 2.0 }, "geometry": { "type": "Point", "coordinates": [ -122.269747, 37.870992 ] } },
{ "type": "Feature", "properties": { "ID": 158784, "Access Days Time": "24 hours daily", "EV Level1 EVSE Num": null, "EV Level2 EVSE Num": 2.0, "EV DC Fast Count": null, "Latitude": 37.675129, "Longitude": -121.756545, "geoid_str_": "1 (Tract 4515.01, Alameda, CA)", "total": 2.0 }, "geometry": { "type": "Point", "coordinates": [ -121.756545, 37.675129 ] } },
{ "type": "Feature", "properties": { "ID": 158811, "Access Days Time": "24 hours daily", "EV Level1 EVSE Num": null, "EV Level2 EVSE Num": 2.0, "EV DC Fast Count": null, "Latitude": 37.83803, "Longitude": -122.29375, "geoid_str_": "2 (Tract 4251.02, Alameda, CA)", "total": 2.0 }, "geometry": { "type": "Point", "coordinates": [ -122.29375, 37.83803 ] } },
{ "type": "Feature", "properties": { "ID": 158900, "Access Days Time": "24 hours daily", "EV Level1 EVSE Num": null, "EV Level2 EVSE Num": 2.0, "EV DC Fast Count": null, "Latitude": 37.706357, "Longitude": -121.900184, "geoid_str_": "1 (Tract 4501.02, Alameda, CA)", "total": 2.0 }, "geometry": { "type": "Point", "coordinates": [ -121.900184, 37.706357 ] } },
{ "type": "Feature", "properties": { "ID": 158917, "Access Days Time": "24 hours daily", "EV Level1 EVSE Num": null, "EV Level2 EVSE Num": 2.0, "EV DC Fast Count": null, "Latitude": 37.691187, "Longitude": -121.889767, "geoid_str_": "1 (Tract 4507.43, Alameda, CA)", "total": 2.0 }, "geometry": { "type": "Point", "coordinates": [ -121.889767, 37.691187 ] } },
{ "type": "Feature", "properties": { "ID": 158959, "Access Days Time": "24 hours daily", "EV Level1 EVSE Num": null, "EV Level2 EVSE Num": 2.0, "EV DC Fast Count": null, "Latitude": 37.868772, "Longitude": -122.266758, "geoid_str_": "2 (Tract 4229.02, Alameda, CA)", "total": 2.0 }, "geometry": { "type": "Point", "coordinates": [ -122.266758, 37.868772 ] } },
{ "type": "Feature", "properties": { "ID": 158961, "Access Days Time": "24 hours daily", "EV Level1 EVSE Num": null, "EV Level2 EVSE Num": 2.0, "EV DC Fast Count": null, "Latitude": 37.867365, "Longitude": -122.259492, "geoid_str_": "2 (Tract 4228, Alameda, CA)", "total": 2.0 }, "geometry": { "type": "Point", "coordinates": [ -122.259492, 37.867365 ] } },
{ "type": "Feature", "properties": { "ID": 158980, "Access Days Time": "Sat: 12:00am-12:00am; Sun: 12:00am-12:00am", "EV Level1 EVSE Num": null, "EV Level2 EVSE Num": 2.0, "EV DC Fast Count": null, "Latitude": 37.699496, "Longitude": -121.890386, "geoid_str_": "2 (Tract 4507.43, Alameda, CA)", "total": 2.0 }, "geometry": { "type": "Point", "coordinates": [ -121.890386, 37.699496 ] } },
{ "type": "Feature", "properties": { "ID": 159231, "Access Days Time": "24 hours daily", "EV Level1 EVSE Num": null, "EV Level2 EVSE Num": 2.0, "EV DC Fast Count": null, "Latitude": 37.656345, "Longitude": -122.095474, "geoid_str_": "1 (Tract 4368, Alameda, CA)", "total": 2.0 }, "geometry": { "type": "Point", "coordinates": [ -122.095474, 37.656345 ] } },
{ "type": "Feature", "properties": { "ID": 159238, "Access Days Time": "24 hours daily", "EV Level1 EVSE Num": null, "EV Level2 EVSE Num": 1.0, "EV DC Fast Count": null, "Latitude": 37.704038, "Longitude": -121.817152, "geoid_str_": "1 (Tract 4507.52, Alameda, CA)", "total": 1.0 }, "geometry": { "type": "Point", "coordinates": [ -121.817152, 37.704038 ] } },
{ "type": "Feature", "properties": { "ID": 159364, "Access Days Time": "24 hours daily", "EV Level1 EVSE Num": null, "EV Level2 EVSE Num": 2.0, "EV DC Fast Count": null, "Latitude": 37.548021, "Longitude": -122.054361, "geoid_str_": "3 (Tract 4442, Alameda, CA)", "total": 2.0 }, "geometry": { "type": "Point", "coordinates": [ -122.054361, 37.548021 ] } },
{ "type": "Feature", "properties": { "ID": 159378, "Access Days Time": "24 hours daily", "EV Level1 EVSE Num": null, "EV Level2 EVSE Num": 2.0, "EV DC Fast Count": null, "Latitude": 37.799328, "Longitude": -122.275863, "geoid_str_": "2 (Tract 4031, Alameda, CA)", "total": 2.0 }, "geometry": { "type": "Point", "coordinates": [ -122.275863, 37.799328 ] } },
{ "type": "Feature", "properties": { "ID": 159395, "Access Days Time": "24 hours daily", "EV Level1 EVSE Num": null, "EV Level2 EVSE Num": 2.0, "EV DC Fast Count": null, "Latitude": 37.827243, "Longitude": -122.208897, "geoid_str_": "4 (Tract 4045.02, Alameda, CA)", "total": 2.0 }, "geometry": { "type": "Point", "coordinates": [ -122.208897, 37.827243 ] } },
{ "type": "Feature", "properties": { "ID": 159441, "Access Days Time": "24 hours daily", "EV Level1 EVSE Num": null, "EV Level2 EVSE Num": 2.0, "EV DC Fast Count": null, "Latitude": 37.709796, "Longitude": -121.802057, "geoid_str_": "1 (Tract 4512.02, Alameda, CA)", "total": 2.0 }, "geometry": { "type": "Point", "coordinates": [ -121.802057, 37.709796 ] } },
{ "type": "Feature", "properties": { "ID": 159448, "Access Days Time": "24 hours daily", "EV Level1 EVSE Num": null, "EV Level2 EVSE Num": 2.0, "EV DC Fast Count": null, "Latitude": 37.658083, "Longitude": -122.053392, "geoid_str_": "2 (Tract 4351.02, Alameda, CA)", "total": 2.0 }, "geometry": { "type": "Point", "coordinates": [ -122.053392, 37.658083 ] } },
{ "type": "Feature", "properties": { "ID": 159479, "Access Days Time": "24 hours daily", "EV Level1 EVSE Num": null, "EV Level2 EVSE Num": 2.0, "EV DC Fast Count": null, "Latitude": 37.82606, "Longitude": -122.253697, "geoid_str_": "2 (Tract 4041.02, Alameda, CA)", "total": 2.0 }, "geometry": { "type": "Point", "coordinates": [ -122.253697, 37.82606 ] } },
{ "type": "Feature", "properties": { "ID": 159484, "Access Days Time": "24 hours daily", "EV Level1 EVSE Num": null, "EV Level2 EVSE Num": 2.0, "EV DC Fast Count": null, "Latitude": 37.799695, "Longitude": -122.217392, "geoid_str_": "2 (Tract 4049, Alameda, CA)", "total": 2.0 }, "geometry": { "type": "Point", "coordinates": [ -122.217392, 37.799695 ] } },
{ "type": "Feature", "properties": { "ID": 159513, "Access Days Time": "24 hours daily", "EV Level1 EVSE Num": null, "EV Level2 EVSE Num": 1.0, "EV DC Fast Count": null, "Latitude": 37.771596, "Longitude": -122.191677, "geoid_str_": "1 (Tract 4075, Alameda, CA)", "total": 1.0 }, "geometry": { "type": "Point", "coordinates": [ -122.191677, 37.771596 ] } },
{ "type": "Feature", "properties": { "ID": 159634, "Access Days Time": "24 hours daily", "EV Level1 EVSE Num": null, "EV Level2 EVSE Num": 2.0, "EV DC Fast Count": null, "Latitude": 37.658118, "Longitude": -122.053344, "geoid_str_": "2 (Tract 4351.02, Alameda, CA)", "total": 2.0 }, "geometry": { "type": "Point", "coordinates": [ -122.053344, 37.658118 ] } },
{ "type": "Feature", "properties": { "ID": 159645, "Access Days Time": "24 hours daily", "EV Level1 EVSE Num": null, "EV Level2 EVSE Num": 2.0, "EV DC Fast Count": null, "Latitude": 37.713166, "Longitude": -121.798643, "geoid_str_": "1 (Tract 4512.02, Alameda, CA)", "total": 2.0 }, "geometry": { "type": "Point", "coordinates": [ -121.798643, 37.713166 ] } },
{ "type": "Feature", "properties": { "ID": 159661, "Access Days Time": "24 hours daily", "EV Level1 EVSE Num": null, "EV Level2 EVSE Num": 2.0, "EV DC Fast Count": null, "Latitude": 37.703261, "Longitude": -121.929874, "geoid_str_": "3 (Tract 4504, Alameda, CA)", "total": 2.0 }, "geometry": { "type": "Point", "coordinates": [ -121.929874, 37.703261 ] } },
{ "type": "Feature", "properties": { "ID": 159677, "Access Days Time": "24 hours daily", "EV Level1 EVSE Num": null, "EV Level2 EVSE Num": 1.0, "EV DC Fast Count": null, "Latitude": 37.717223, "Longitude": -122.119295, "geoid_str_": "1 (Tract 4305, Alameda, CA)", "total": 1.0 }, "geometry": { "type": "Point", "coordinates": [ -122.119295, 37.717223 ] } },
{ "type": "Feature", "properties": { "ID": 159678, "Access Days Time": "24 hours daily", "EV Level1 EVSE Num": null, "EV Level2 EVSE Num": 1.0, "EV DC Fast Count": null, "Latitude": 37.800591, "Longitude": -122.265232, "geoid_str_": "1 (Tract 4034.02, Alameda, CA)", "total": 1.0 }, "geometry": { "type": "Point", "coordinates": [ -122.265232, 37.800591 ] } },
{ "type": "Feature", "properties": { "ID": 159714, "Access Days Time": "24 hours daily", "EV Level1 EVSE Num": null, "EV Level2 EVSE Num": 2.0, "EV DC Fast Count": null, "Latitude": 37.728374, "Longitude": -122.23198, "geoid_str_": "4 (Tract 4283.01, Alameda, CA)", "total": 2.0 }, "geometry": { "type": "Point", "coordinates": [ -122.23198, 37.728374 ] } },
{ "type": "Feature", "properties": { "ID": 159716, "Access Days Time": "24 hours daily", "EV Level1 EVSE Num": null, "EV Level2 EVSE Num": 2.0, "EV DC Fast Count": null, "Latitude": 37.657775, "Longitude": -122.093497, "geoid_str_": "1 (Tract 4368, Alameda, CA)", "total": 2.0 }, "geometry": { "type": "Point", "coordinates": [ -122.093497, 37.657775 ] } },
{ "type": "Feature", "properties": { "ID": 159729, "Access Days Time": "24 hours daily", "EV Level1 EVSE Num": null, "EV Level2 EVSE Num": 2.0, "EV DC Fast Count": null, "Latitude": 37.656574, "Longitude": -122.095533, "geoid_str_": "1 (Tract 4368, Alameda, CA)", "total": 2.0 }, "geometry": { "type": "Point", "coordinates": [ -122.095533, 37.656574 ] } },
{ "type": "Feature", "properties": { "ID": 159730, "Access Days Time": "24 hours daily", "EV Level1 EVSE Num": null, "EV Level2 EVSE Num": 2.0, "EV DC Fast Count": null, "Latitude": 37.6563, "Longitude": -122.095437, "geoid_str_": "1 (Tract 4368, Alameda, CA)", "total": 2.0 }, "geometry": { "type": "Point", "coordinates": [ -122.095437, 37.6563 ] } },
{ "type": "Feature", "properties": { "ID": 159731, "Access Days Time": "24 hours daily", "EV Level1 EVSE Num": null, "EV Level2 EVSE Num": 2.0, "EV DC Fast Count": null, "Latitude": 37.800256, "Longitude": -122.277883, "geoid_str_": "2 (Tract 4031, Alameda, CA)", "total": 2.0 }, "geometry": { "type": "Point", "coordinates": [ -122.277883, 37.800256 ] } },
{ "type": "Feature", "properties": { "ID": 159758, "Access Days Time": "24 hours daily", "EV Level1 EVSE Num": null, "EV Level2 EVSE Num": 2.0, "EV DC Fast Count": null, "Latitude": 37.800244, "Longitude": -122.277644, "geoid_str_": "2 (Tract 4031, Alameda, CA)", "total": 2.0 }, "geometry": { "type": "Point", "coordinates": [ -122.277644, 37.800244 ] } },
{ "type": "Feature", "properties": { "ID": 159766, "Access Days Time": "24 hours daily", "EV Level1 EVSE Num": null, "EV Level2 EVSE Num": 2.0, "EV DC Fast Count": null, "Latitude": 37.711644, "Longitude": -121.89355, "geoid_str_": "1 (Tract 4501.02, Alameda, CA)", "total": 2.0 }, "geometry": { "type": "Point", "coordinates": [ -121.89355, 37.711644 ] } },
{ "type": "Feature", "properties": { "ID": 159780, "Access Days Time": "24 hours daily", "EV Level1 EVSE Num": null, "EV Level2 EVSE Num": 2.0, "EV DC Fast Count": null, "Latitude": 37.702598, "Longitude": -121.816523, "geoid_str_": "1 (Tract 4507.52, Alameda, CA)", "total": 2.0 }, "geometry": { "type": "Point", "coordinates": [ -121.816523, 37.702598 ] } },
{ "type": "Feature", "properties": { "ID": 159800, "Access Days Time": "24 hours daily", "EV Level1 EVSE Num": null, "EV Level2 EVSE Num": 2.0, "EV DC Fast Count": null, "Latitude": 37.654662, "Longitude": -122.053005, "geoid_str_": "2 (Tract 4351.02, Alameda, CA)", "total": 2.0 }, "geometry": { "type": "Point", "coordinates": [ -122.053005, 37.654662 ] } },
{ "type": "Feature", "properties": { "ID": 159801, "Access Days Time": "24 hours daily", "EV Level1 EVSE Num": null, "EV Level2 EVSE Num": 2.0, "EV DC Fast Count": null, "Latitude": 37.65837, "Longitude": -122.055521, "geoid_str_": "2 (Tract 4351.02, Alameda, CA)", "total": 2.0 }, "geometry": { "type": "Point", "coordinates": [ -122.055521, 37.65837 ] } },
{ "type": "Feature", "properties": { "ID": 159803, "Access Days Time": "24 hours daily", "EV Level1 EVSE Num": null, "EV Level2 EVSE Num": 2.0, "EV DC Fast Count": null, "Latitude": 37.659258, "Longitude": -122.058506, "geoid_str_": "2 (Tract 4351.02, Alameda, CA)", "total": 2.0 }, "geometry": { "type": "Point", "coordinates": [ -122.058506, 37.659258 ] } },
{ "type": "Feature", "properties": { "ID": 159809, "Access Days Time": "24 hours daily", "EV Level1 EVSE Num": null, "EV Level2 EVSE Num": 2.0, "EV DC Fast Count": null, "Latitude": 37.639167, "Longitude": -122.105556, "geoid_str_": "2 (Tract 4372, Alameda, CA)", "total": 2.0 }, "geometry": { "type": "Point", "coordinates": [ -122.105556, 37.639167 ] } },
{ "type": "Feature", "properties": { "ID": 159811, "Access Days Time": "24 hours daily", "EV Level1 EVSE Num": null, "EV Level2 EVSE Num": 2.0, "EV DC Fast Count": null, "Latitude": 37.641627, "Longitude": -122.107581, "geoid_str_": "2 (Tract 4372, Alameda, CA)", "total": 2.0 }, "geometry": { "type": "Point", "coordinates": [ -122.107581, 37.641627 ] } },
{ "type": "Feature", "properties": { "ID": 159865, "Access Days Time": "24 hours daily", "EV Level1 EVSE Num": null, "EV Level2 EVSE Num": 2.0, "EV DC Fast Count": null, "Latitude": 37.689874, "Longitude": -121.929693, "geoid_str_": "1 (Tract 4506.09, Alameda, CA)", "total": 2.0 }, "geometry": { "type": "Point", "coordinates": [ -121.929693, 37.689874 ] } },
{ "type": "Feature", "properties": { "ID": 159868, "Access Days Time": "24 hours daily", "EV Level1 EVSE Num": null, "EV Level2 EVSE Num": 2.0, "EV DC Fast Count": null, "Latitude": 37.654644, "Longitude": -122.053007, "geoid_str_": "2 (Tract 4351.02, Alameda, CA)", "total": 2.0 }, "geometry": { "type": "Point", "coordinates": [ -122.053007, 37.654644 ] } },
{ "type": "Feature", "properties": { "ID": 159888, "Access Days Time": "24 hours daily", "EV Level1 EVSE Num": null, "EV Level2 EVSE Num": 2.0, "EV DC Fast Count": null, "Latitude": 37.804704, "Longitude": -122.275771, "geoid_str_": "1 (Tract 4031, Alameda, CA)", "total": 2.0 }, "geometry": { "type": "Point", "coordinates": [ -122.275771, 37.804704 ] } },
{ "type": "Feature", "properties": { "ID": 159927, "Access Days Time": "24 hours daily", "EV Level1 EVSE Num": null, "EV Level2 EVSE Num": 1.0, "EV DC Fast Count": null, "Latitude": 37.842392, "Longitude": -122.294069, "geoid_str_": "3 (Tract 4251.02, Alameda, CA)", "total": 1.0 }, "geometry": { "type": "Point", "coordinates": [ -122.294069, 37.842392 ] } },
{ "type": "Feature", "properties": { "ID": 159984, "Access Days Time": "24 hours daily", "EV Level1 EVSE Num": null, "EV Level2 EVSE Num": 2.0, "EV DC Fast Count": null, "Latitude": 37.728362, "Longitude": -122.232031, "geoid_str_": "4 (Tract 4283.01, Alameda, CA)", "total": 2.0 }, "geometry": { "type": "Point", "coordinates": [ -122.232031, 37.728362 ] } },
{ "type": "Feature", "properties": { "ID": 160000, "Access Days Time": "24 hours daily", "EV Level1 EVSE Num": null, "EV Level2 EVSE Num": 2.0, "EV DC Fast Count": null, "Latitude": 37.503236, "Longitude": -121.938913, "geoid_str_": "1 (Tract 4415.25, Alameda, CA)", "total": 2.0 }, "geometry": { "type": "Point", "coordinates": [ -121.938913, 37.503236 ] } },
{ "type": "Feature", "properties": { "ID": 160048, "Access Days Time": "24 hours daily", "EV Level1 EVSE Num": null, "EV Level2 EVSE Num": 2.0, "EV DC Fast Count": null, "Latitude": 37.766536, "Longitude": -122.24265, "geoid_str_": "1 (Tract 4280, Alameda, CA)", "total": 2.0 }, "geometry": { "type": "Point", "coordinates": [ -122.24265, 37.766536 ] } },
{ "type": "Feature", "properties": { "ID": 160093, "Access Days Time": "24 hours daily", "EV Level1 EVSE Num": null, "EV Level2 EVSE Num": 2.0, "EV DC Fast Count": null, "Latitude": 37.552143, "Longitude": -121.983053, "geoid_str_": "4 (Tract 4419.23, Alameda, CA)", "total": 2.0 }, "geometry": { "type": "Point", "coordinates": [ -121.983053, 37.552143 ] } },
{ "type": "Feature", "properties": { "ID": 160094, "Access Days Time": "24 hours daily", "EV Level1 EVSE Num": null, "EV Level2 EVSE Num": 2.0, "EV DC Fast Count": null, "Latitude": 37.552903, "Longitude": -121.982444, "geoid_str_": "4 (Tract 4419.23, Alameda, CA)", "total": 2.0 }, "geometry": { "type": "Point", "coordinates": [ -121.982444, 37.552903 ] } },
{ "type": "Feature", "properties": { "ID": 160097, "Access Days Time": "24 hours daily", "EV Level1 EVSE Num": null, "EV Level2 EVSE Num": 2.0, "EV DC Fast Count": null, "Latitude": 37.551013, "Longitude": -121.984213, "geoid_str_": "4 (Tract 4419.23, Alameda, CA)", "total": 2.0 }, "geometry": { "type": "Point", "coordinates": [ -121.984213, 37.551013 ] } },
{ "type": "Feature", "properties": { "ID": 160102, "Access Days Time": "24 hours daily", "EV Level1 EVSE Num": null, "EV Level2 EVSE Num": 2.0, "EV DC Fast Count": null, "Latitude": 37.550821, "Longitude": -121.984339, "geoid_str_": "4 (Tract 4419.23, Alameda, CA)", "total": 2.0 }, "geometry": { "type": "Point", "coordinates": [ -121.984339, 37.550821 ] } },
{ "type": "Feature", "properties": { "ID": 160103, "Access Days Time": "24 hours daily", "EV Level1 EVSE Num": null, "EV Level2 EVSE Num": 2.0, "EV DC Fast Count": null, "Latitude": 37.553186, "Longitude": -121.982488, "geoid_str_": "4 (Tract 4419.23, Alameda, CA)", "total": 2.0 }, "geometry": { "type": "Point", "coordinates": [ -121.982488, 37.553186 ] } },
{ "type": "Feature", "properties": { "ID": 160104, "Access Days Time": "24 hours daily", "EV Level1 EVSE Num": null, "EV Level2 EVSE Num": 2.0, "EV DC Fast Count": null, "Latitude": 37.550897, "Longitude": -121.984043, "geoid_str_": "4 (Tract 4419.23, Alameda, CA)", "total": 2.0 }, "geometry": { "type": "Point", "coordinates": [ -121.984043, 37.550897 ] } },
{ "type": "Feature", "properties": { "ID": 160105, "Access Days Time": "24 hours daily", "EV Level1 EVSE Num": null, "EV Level2 EVSE Num": 2.0, "EV DC Fast Count": null, "Latitude": 37.550656, "Longitude": -121.984258, "geoid_str_": "4 (Tract 4419.23, Alameda, CA)", "total": 2.0 }, "geometry": { "type": "Point", "coordinates": [ -121.984258, 37.550656 ] } },
{ "type": "Feature", "properties": { "ID": 160106, "Access Days Time": "24 hours daily", "EV Level1 EVSE Num": null, "EV Level2 EVSE Num": 2.0, "EV DC Fast Count": null, "Latitude": 37.551868, "Longitude": -121.983568, "geoid_str_": "4 (Tract 4419.23, Alameda, CA)", "total": 2.0 }, "geometry": { "type": "Point", "coordinates": [ -121.983568, 37.551868 ] } },
{ "type": "Feature", "properties": { "ID": 160107, "Access Days Time": "24 hours daily", "EV Level1 EVSE Num": null, "EV Level2 EVSE Num": 2.0, "EV DC Fast Count": null, "Latitude": 37.55287, "Longitude": -121.982739, "geoid_str_": "4 (Tract 4419.23, Alameda, CA)", "total": 2.0 }, "geometry": { "type": "Point", "coordinates": [ -121.982739, 37.55287 ] } },
{ "type": "Feature", "properties": { "ID": 160122, "Access Days Time": "24 hours daily", "EV Level1 EVSE Num": null, "EV Level2 EVSE Num": 2.0, "EV DC Fast Count": null, "Latitude": 37.696642, "Longitude": -121.893531, "geoid_str_": "2 (Tract 4507.43, Alameda, CA)", "total": 2.0 }, "geometry": { "type": "Point", "coordinates": [ -121.893531, 37.696642 ] } },
{ "type": "Feature", "properties": { "ID": 160146, "Access Days Time": "24 hours daily", "EV Level1 EVSE Num": null, "EV Level2 EVSE Num": 2.0, "EV DC Fast Count": null, "Latitude": 37.701791, "Longitude": -121.926071, "geoid_str_": "3 (Tract 4504, Alameda, CA)", "total": 2.0 }, "geometry": { "type": "Point", "coordinates": [ -121.926071, 37.701791 ] } },
{ "type": "Feature", "properties": { "ID": 160147, "Access Days Time": "24 hours daily", "EV Level1 EVSE Num": null, "EV Level2 EVSE Num": 1.0, "EV DC Fast Count": null, "Latitude": 37.86158, "Longitude": -122.267518, "geoid_str_": "1 (Tract 4235, Alameda, CA)", "total": 1.0 }, "geometry": { "type": "Point", "coordinates": [ -122.267518, 37.86158 ] } },
{ "type": "Feature", "properties": { "ID": 160148, "Access Days Time": "24 hours daily", "EV Level1 EVSE Num": null, "EV Level2 EVSE Num": 1.0, "EV DC Fast Count": null, "Latitude": 37.696289, "Longitude": -121.893968, "geoid_str_": "2 (Tract 4507.43, Alameda, CA)", "total": 1.0 }, "geometry": { "type": "Point", "coordinates": [ -121.893968, 37.696289 ] } },
{ "type": "Feature", "properties": { "ID": 160160, "Access Days Time": "24 hours daily", "EV Level1 EVSE Num": null, "EV Level2 EVSE Num": 2.0, "EV DC Fast Count": null, "Latitude": 37.696385, "Longitude": -121.893901, "geoid_str_": "2 (Tract 4507.43, Alameda, CA)", "total": 2.0 }, "geometry": { "type": "Point", "coordinates": [ -121.893901, 37.696385 ] } },
{ "type": "Feature", "properties": { "ID": 160164, "Access Days Time": "24 hours daily", "EV Level1 EVSE Num": null, "EV Level2 EVSE Num": 2.0, "EV DC Fast Count": null, "Latitude": 37.696673, "Longitude": -121.893474, "geoid_str_": "2 (Tract 4507.43, Alameda, CA)", "total": 2.0 }, "geometry": { "type": "Point", "coordinates": [ -121.893474, 37.696673 ] } },
{ "type": "Feature", "properties": { "ID": 160175, "Access Days Time": "24 hours daily", "EV Level1 EVSE Num": null, "EV Level2 EVSE Num": 2.0, "EV DC Fast Count": null, "Latitude": 37.806188, "Longitude": -122.272338, "geoid_str_": "1 (Tract 4028.02, Alameda, CA)", "total": 2.0 }, "geometry": { "type": "Point", "coordinates": [ -122.272338, 37.806188 ] } },
{ "type": "Feature", "properties": { "ID": 160177, "Access Days Time": "24 hours daily", "EV Level1 EVSE Num": null, "EV Level2 EVSE Num": 2.0, "EV DC Fast Count": null, "Latitude": 37.710053, "Longitude": -121.803627, "geoid_str_": "1 (Tract 4512.02, Alameda, CA)", "total": 2.0 }, "geometry": { "type": "Point", "coordinates": [ -121.803627, 37.710053 ] } },
{ "type": "Feature", "properties": { "ID": 160269, "Access Days Time": "24 hours daily", "EV Level1 EVSE Num": null, "EV Level2 EVSE Num": 1.0, "EV DC Fast Count": null, "Latitude": 37.670074, "Longitude": -121.843588, "geoid_str_": "3 (Tract 4507.42, Alameda, CA)", "total": 1.0 }, "geometry": { "type": "Point", "coordinates": [ -121.843588, 37.670074 ] } },
{ "type": "Feature", "properties": { "ID": 160327, "Access Days Time": "24 hours daily", "EV Level1 EVSE Num": null, "EV Level2 EVSE Num": 2.0, "EV DC Fast Count": null, "Latitude": 37.70181, "Longitude": -121.926018, "geoid_str_": "3 (Tract 4504, Alameda, CA)", "total": 2.0 }, "geometry": { "type": "Point", "coordinates": [ -121.926018, 37.70181 ] } },
{ "type": "Feature", "properties": { "ID": 160347, "Access Days Time": "24 hours daily", "EV Level1 EVSE Num": null, "EV Level2 EVSE Num": 2.0, "EV DC Fast Count": null, "Latitude": 37.548267, "Longitude": -121.981607, "geoid_str_": "4 (Tract 4419.23, Alameda, CA)", "total": 2.0 }, "geometry": { "type": "Point", "coordinates": [ -121.981607, 37.548267 ] } },
{ "type": "Feature", "properties": { "ID": 160398, "Access Days Time": "24 hours daily", "EV Level1 EVSE Num": null, "EV Level2 EVSE Num": 2.0, "EV DC Fast Count": null, "Latitude": 37.549205, "Longitude": -121.985292, "geoid_str_": "4 (Tract 4419.23, Alameda, CA)", "total": 2.0 }, "geometry": { "type": "Point", "coordinates": [ -121.985292, 37.549205 ] } },
{ "type": "Feature", "properties": { "ID": 160430, "Access Days Time": "24 hours daily", "EV Level1 EVSE Num": null, "EV Level2 EVSE Num": 2.0, "EV DC Fast Count": null, "Latitude": 37.727061, "Longitude": -122.231436, "geoid_str_": "4 (Tract 4283.01, Alameda, CA)", "total": 2.0 }, "geometry": { "type": "Point", "coordinates": [ -122.231436, 37.727061 ] } },
{ "type": "Feature", "properties": { "ID": 160440, "Access Days Time": "24 hours daily", "EV Level1 EVSE Num": null, "EV Level2 EVSE Num": 2.0, "EV DC Fast Count": null, "Latitude": 37.654405, "Longitude": -121.890618, "geoid_str_": "1 (Tract 4506.07, Alameda, CA)", "total": 2.0 }, "geometry": { "type": "Point", "coordinates": [ -121.890618, 37.654405 ] } },
{ "type": "Feature", "properties": { "ID": 160457, "Access Days Time": "24 hours daily", "EV Level1 EVSE Num": null, "EV Level2 EVSE Num": 2.0, "EV DC Fast Count": null, "Latitude": 37.696609, "Longitude": -121.818529, "geoid_str_": "3 (Tract 4513, Alameda, CA)", "total": 2.0 }, "geometry": { "type": "Point", "coordinates": [ -121.818529, 37.696609 ] } },
{ "type": "Feature", "properties": { "ID": 160475, "Access Days Time": "24 hours daily", "EV Level1 EVSE Num": null, "EV Level2 EVSE Num": 2.0, "EV DC Fast Count": null, "Latitude": 37.696612, "Longitude": -121.818421, "geoid_str_": "3 (Tract 4513, Alameda, CA)", "total": 2.0 }, "geometry": { "type": "Point", "coordinates": [ -121.818421, 37.696612 ] } },
{ "type": "Feature", "properties": { "ID": 160552, "Access Days Time": "24 hours daily", "EV Level1 EVSE Num": null, "EV Level2 EVSE Num": 2.0, "EV DC Fast Count": null, "Latitude": 37.842922, "Longitude": -122.296271, "geoid_str_": "3 (Tract 4251.02, Alameda, CA)", "total": 2.0 }, "geometry": { "type": "Point", "coordinates": [ -122.296271, 37.842922 ] } },
{ "type": "Feature", "properties": { "ID": 160628, "Access Days Time": "24 hours daily", "EV Level1 EVSE Num": null, "EV Level2 EVSE Num": 2.0, "EV DC Fast Count": null, "Latitude": 37.705633, "Longitude": -121.852653, "geoid_str_": "1 (Tract 4507.50, Alameda, CA)", "total": 2.0 }, "geometry": { "type": "Point", "coordinates": [ -121.852653, 37.705633 ] } },
{ "type": "Feature", "properties": { "ID": 160721, "Access Days Time": "24 hours daily", "EV Level1 EVSE Num": null, "EV Level2 EVSE Num": 1.0, "EV DC Fast Count": null, "Latitude": 37.655339, "Longitude": -121.89745, "geoid_str_": "1 (Tract 4506.07, Alameda, CA)", "total": 1.0 }, "geometry": { "type": "Point", "coordinates": [ -121.89745, 37.655339 ] } },
{ "type": "Feature", "properties": { "ID": 160791, "Access Days Time": "24 hours daily", "EV Level1 EVSE Num": null, "EV Level2 EVSE Num": 1.0, "EV DC Fast Count": null, "Latitude": 37.870543, "Longitude": -122.26985, "geoid_str_": "3 (Tract 4229.02, Alameda, CA)", "total": 1.0 }, "geometry": { "type": "Point", "coordinates": [ -122.26985, 37.870543 ] } },
{ "type": "Feature", "properties": { "ID": 160845, "Access Days Time": "24 hours daily", "EV Level1 EVSE Num": null, "EV Level2 EVSE Num": 2.0, "EV DC Fast Count": null, "Latitude": 37.548006, "Longitude": -121.986487, "geoid_str_": "4 (Tract 4419.23, Alameda, CA)", "total": 2.0 }, "geometry": { "type": "Point", "coordinates": [ -121.986487, 37.548006 ] } },
{ "type": "Feature", "properties": { "ID": 160898, "Access Days Time": "24 hours daily", "EV Level1 EVSE Num": null, "EV Level2 EVSE Num": 2.0, "EV DC Fast Count": null, "Latitude": 37.549834, "Longitude": -121.985129, "geoid_str_": "4 (Tract 4419.23, Alameda, CA)", "total": 2.0 }, "geometry": { "type": "Point", "coordinates": [ -121.985129, 37.549834 ] } },
{ "type": "Feature", "properties": { "ID": 160910, "Access Days Time": "24 hours daily", "EV Level1 EVSE Num": null, "EV Level2 EVSE Num": 2.0, "EV DC Fast Count": null, "Latitude": 37.548898, "Longitude": -121.985819, "geoid_str_": "4 (Tract 4419.23, Alameda, CA)", "total": 2.0 }, "geometry": { "type": "Point", "coordinates": [ -121.985819, 37.548898 ] } },
{ "type": "Feature", "properties": { "ID": 160924, "Access Days Time": "24 hours daily", "EV Level1 EVSE Num": null, "EV Level2 EVSE Num": 2.0, "EV DC Fast Count": null, "Latitude": 37.54795, "Longitude": -121.965713, "geoid_str_": "2 (Tract 4419.28, Alameda, CA)", "total": 2.0 }, "geometry": { "type": "Point", "coordinates": [ -121.965713, 37.54795 ] } },
{ "type": "Feature", "properties": { "ID": 160957, "Access Days Time": "24 hours daily", "EV Level1 EVSE Num": null, "EV Level2 EVSE Num": 1.0, "EV DC Fast Count": null, "Latitude": 37.505916, "Longitude": -121.960783, "geoid_str_": "2 (Tract 4415.03, Alameda, CA)", "total": 1.0 }, "geometry": { "type": "Point", "coordinates": [ -121.960783, 37.505916 ] } },
{ "type": "Feature", "properties": { "ID": 160975, "Access Days Time": "24 hours daily", "EV Level1 EVSE Num": null, "EV Level2 EVSE Num": 2.0, "EV DC Fast Count": null, "Latitude": 37.548496, "Longitude": -121.985739, "geoid_str_": "4 (Tract 4419.23, Alameda, CA)", "total": 2.0 }, "geometry": { "type": "Point", "coordinates": [ -121.985739, 37.548496 ] } },
{ "type": "Feature", "properties": { "ID": 160976, "Access Days Time": "24 hours daily", "EV Level1 EVSE Num": null, "EV Level2 EVSE Num": 2.0, "EV DC Fast Count": null, "Latitude": 37.869385, "Longitude": -122.290889, "geoid_str_": "3 (Tract 4222, Alameda, CA)", "total": 2.0 }, "geometry": { "type": "Point", "coordinates": [ -122.290889, 37.869385 ] } },
{ "type": "Feature", "properties": { "ID": 161009, "Access Days Time": "24 hours daily", "EV Level1 EVSE Num": null, "EV Level2 EVSE Num": 2.0, "EV DC Fast Count": null, "Latitude": 37.714999, "Longitude": -122.193988, "geoid_str_": "3 (Tract 4324, Alameda, CA)", "total": 2.0 }, "geometry": { "type": "Point", "coordinates": [ -122.193988, 37.714999 ] } },
{ "type": "Feature", "properties": { "ID": 161015, "Access Days Time": "24 hours daily", "EV Level1 EVSE Num": null, "EV Level2 EVSE Num": 2.0, "EV DC Fast Count": null, "Latitude": 37.86457, "Longitude": -122.312865, "geoid_str_": "1 (Tract 4220, Alameda, CA)", "total": 2.0 }, "geometry": { "type": "Point", "coordinates": [ -122.312865, 37.86457 ] } },
{ "type": "Feature", "properties": { "ID": 161019, "Access Days Time": "24 hours daily", "EV Level1 EVSE Num": null, "EV Level2 EVSE Num": 2.0, "EV DC Fast Count": null, "Latitude": 37.662872, "Longitude": -122.121474, "geoid_str_": "4 (Tract 4371.01, Alameda, CA)", "total": 2.0 }, "geometry": { "type": "Point", "coordinates": [ -122.121474, 37.662872 ] } },
{ "type": "Feature", "properties": { "ID": 161043, "Access Days Time": "24 hours daily", "EV Level1 EVSE Num": null, "EV Level2 EVSE Num": 2.0, "EV DC Fast Count": null, "Latitude": 37.54862, "Longitude": -121.976356, "geoid_str_": "2 (Tract 4419.27, Alameda, CA)", "total": 2.0 }, "geometry": { "type": "Point", "coordinates": [ -121.976356, 37.54862 ] } },
{ "type": "Feature", "properties": { "ID": 161090, "Access Days Time": "24 hours daily", "EV Level1 EVSE Num": null, "EV Level2 EVSE Num": 2.0, "EV DC Fast Count": null, "Latitude": 37.794095, "Longitude": -122.271843, "geoid_str_": "2 (Tract 9832, Alameda, CA)", "total": 2.0 }, "geometry": { "type": "Point", "coordinates": [ -122.271843, 37.794095 ] } },
{ "type": "Feature", "properties": { "ID": 161115, "Access Days Time": "24 hours daily", "EV Level1 EVSE Num": null, "EV Level2 EVSE Num": 2.0, "EV DC Fast Count": null, "Latitude": 37.70334, "Longitude": -121.851285, "geoid_str_": "1 (Tract 4507.50, Alameda, CA)", "total": 2.0 }, "geometry": { "type": "Point", "coordinates": [ -121.851285, 37.70334 ] } },
{ "type": "Feature", "properties": { "ID": 161195, "Access Days Time": "24 hours daily", "EV Level1 EVSE Num": null, "EV Level2 EVSE Num": 2.0, "EV DC Fast Count": null, "Latitude": 37.549882, "Longitude": -121.984762, "geoid_str_": "4 (Tract 4419.23, Alameda, CA)", "total": 2.0 }, "geometry": { "type": "Point", "coordinates": [ -121.984762, 37.549882 ] } },
{ "type": "Feature", "properties": { "ID": 161211, "Access Days Time": "24 hours daily", "EV Level1 EVSE Num": null, "EV Level2 EVSE Num": 2.0, "EV DC Fast Count": null, "Latitude": 37.709584, "Longitude": -121.888706, "geoid_str_": "1 (Tract 4501.02, Alameda, CA)", "total": 2.0 }, "geometry": { "type": "Point", "coordinates": [ -121.888706, 37.709584 ] } },
{ "type": "Feature", "properties": { "ID": 161215, "Access Days Time": "24 hours daily", "EV Level1 EVSE Num": null, "EV Level2 EVSE Num": 2.0, "EV DC Fast Count": null, "Latitude": 37.711147, "Longitude": -121.888708, "geoid_str_": "1 (Tract 4501.02, Alameda, CA)", "total": 2.0 }, "geometry": { "type": "Point", "coordinates": [ -121.888708, 37.711147 ] } },
{ "type": "Feature", "properties": { "ID": 163418, "Access Days Time": "24 hours daily", "EV Level1 EVSE Num": null, "EV Level2 EVSE Num": 2.0, "EV DC Fast Count": null, "Latitude": 37.703683, "Longitude": -121.873494, "geoid_str_": "2 (Tract 4501.01, Alameda, CA)", "total": 2.0 }, "geometry": { "type": "Point", "coordinates": [ -121.873494, 37.703683 ] } },
{ "type": "Feature", "properties": { "ID": 163656, "Access Days Time": "24 hours daily", "EV Level1 EVSE Num": null, "EV Level2 EVSE Num": 5.0, "EV DC Fast Count": null, "Latitude": 37.516369, "Longitude": -122.003878, "geoid_str_": "2 (Tract 4446.02, Alameda, CA)", "total": 5.0 }, "geometry": { "type": "Point", "coordinates": [ -122.003878, 37.516369 ] } },
{ "type": "Feature", "properties": { "ID": 163722, "Access Days Time": "24 hours daily", "EV Level1 EVSE Num": null, "EV Level2 EVSE Num": 3.0, "EV DC Fast Count": null, "Latitude": 37.52934, "Longitude": -121.912258, "geoid_str_": "3 (Tract 4431.03, Alameda, CA)", "total": 3.0 }, "geometry": { "type": "Point", "coordinates": [ -121.912258, 37.52934 ] } },
{ "type": "Feature", "properties": { "ID": 165116, "Access Days Time": "24 hours daily", "EV Level1 EVSE Num": null, "EV Level2 EVSE Num": null, "EV DC Fast Count": 3.0, "Latitude": 37.67564, "Longitude": -121.87458, "geoid_str_": "1 (Tract 4506.05, Alameda, CA)", "total": 3.0 }, "geometry": { "type": "Point", "coordinates": [ -121.87458, 37.67564 ] } },
{ "type": "Feature", "properties": { "ID": 165130, "Access Days Time": "24 hours daily; for customer use only", "EV Level1 EVSE Num": null, "EV Level2 EVSE Num": 2.0, "EV DC Fast Count": null, "Latitude": 37.785814, "Longitude": -122.246167, "geoid_str_": "1 (Tract 4060, Alameda, CA)", "total": 2.0 }, "geometry": { "type": "Point", "coordinates": [ -122.246167, 37.785814 ] } },
{ "type": "Feature", "properties": { "ID": 165131, "Access Days Time": "24 hours daily; for customer use only", "EV Level1 EVSE Num": null, "EV Level2 EVSE Num": 2.0, "EV DC Fast Count": null, "Latitude": 37.536001, "Longitude": -122.06293, "geoid_str_": "2 (Tract 4443.01, Alameda, CA)", "total": 2.0 }, "geometry": { "type": "Point", "coordinates": [ -122.06293, 37.536001 ] } },
{ "type": "Feature", "properties": { "ID": 165299, "Access Days Time": "24 hours daily", "EV Level1 EVSE Num": null, "EV Level2 EVSE Num": null, "EV DC Fast Count": 1.0, "Latitude": 37.707883, "Longitude": -121.899305, "geoid_str_": "1 (Tract 4501.02, Alameda, CA)", "total": 1.0 }, "geometry": { "type": "Point", "coordinates": [ -121.899305, 37.707883 ] } },
{ "type": "Feature", "properties": { "ID": 167990, "Access Days Time": "24 hours daily", "EV Level1 EVSE Num": null, "EV Level2 EVSE Num": 1.0, "EV DC Fast Count": null, "Latitude": 37.626082, "Longitude": -122.123062, "geoid_str_": "1 (Tract 4371.01, Alameda, CA)", "total": 1.0 }, "geometry": { "type": "Point", "coordinates": [ -122.123062, 37.626082 ] } },
{ "type": "Feature", "properties": { "ID": 168418, "Access Days Time": "24 hours daily", "EV Level1 EVSE Num": null, "EV Level2 EVSE Num": 2.0, "EV DC Fast Count": null, "Latitude": 37.651056, "Longitude": -122.072027, "geoid_str_": "3 (Tract 4366.01, Alameda, CA)", "total": 2.0 }, "geometry": { "type": "Point", "coordinates": [ -122.072027, 37.651056 ] } },
{ "type": "Feature", "properties": { "ID": 169002, "Access Days Time": null, "EV Level1 EVSE Num": null, "EV Level2 EVSE Num": 12.0, "EV DC Fast Count": null, "Latitude": 37.720852, "Longitude": -122.160996, "geoid_str_": "1 (Tract 4326.01, Alameda, CA)", "total": 12.0 }, "geometry": { "type": "Point", "coordinates": [ -122.160996, 37.720852 ] } },
{ "type": "Feature", "properties": { "ID": 169471, "Access Days Time": "24 hours daily. Please check Tesla's online station map to see if an adapter is required at this location.", "EV Level1 EVSE Num": null, "EV Level2 EVSE Num": null, "EV DC Fast Count": 16.0, "Latitude": 37.502176, "Longitude": -121.967456, "geoid_str_": "2 (Tract 4415.03, Alameda, CA)", "total": 16.0 }, "geometry": { "type": "Point", "coordinates": [ -121.967456, 37.502176 ] } },
{ "type": "Feature", "properties": { "ID": 169534, "Access Days Time": "24 hours daily. Please check Tesla's online station map to see if an adapter is required at this location.", "EV Level1 EVSE Num": null, "EV Level2 EVSE Num": null, "EV DC Fast Count": 12.0, "Latitude": 37.840281, "Longitude": -122.294041, "geoid_str_": "3 (Tract 4251.02, Alameda, CA)", "total": 12.0 }, "geometry": { "type": "Point", "coordinates": [ -122.294041, 37.840281 ] } },
{ "type": "Feature", "properties": { "ID": 169536, "Access Days Time": "24 hours daily. Please check Tesla's online station map to see if an adapter is required at this location.", "EV Level1 EVSE Num": null, "EV Level2 EVSE Num": null, "EV DC Fast Count": 12.0, "Latitude": 37.794181, "Longitude": -122.272388, "geoid_str_": "2 (Tract 9832, Alameda, CA)", "total": 12.0 }, "geometry": { "type": "Point", "coordinates": [ -122.272388, 37.794181 ] } },
{ "type": "Feature", "properties": { "ID": 170619, "Access Days Time": "24 hours daily", "EV Level1 EVSE Num": null, "EV Level2 EVSE Num": 2.0, "EV DC Fast Count": null, "Latitude": 37.802139, "Longitude": -122.276066, "geoid_str_": "1 (Tract 4031, Alameda, CA)", "total": 2.0 }, "geometry": { "type": "Point", "coordinates": [ -122.276066, 37.802139 ] } },
{ "type": "Feature", "properties": { "ID": 170620, "Access Days Time": "24 hours daily", "EV Level1 EVSE Num": null, "EV Level2 EVSE Num": 2.0, "EV DC Fast Count": null, "Latitude": 37.802122, "Longitude": -122.275978, "geoid_str_": "1 (Tract 4031, Alameda, CA)", "total": 2.0 }, "geometry": { "type": "Point", "coordinates": [ -122.275978, 37.802122 ] } },
{ "type": "Feature", "properties": { "ID": 170621, "Access Days Time": "24 hours daily", "EV Level1 EVSE Num": null, "EV Level2 EVSE Num": 2.0, "EV DC Fast Count": null, "Latitude": 37.802251, "Longitude": -122.27597, "geoid_str_": "1 (Tract 4031, Alameda, CA)", "total": 2.0 }, "geometry": { "type": "Point", "coordinates": [ -122.27597, 37.802251 ] } },
{ "type": "Feature", "properties": { "ID": 170623, "Access Days Time": "24 hours daily", "EV Level1 EVSE Num": null, "EV Level2 EVSE Num": 2.0, "EV DC Fast Count": null, "Latitude": 37.802314, "Longitude": -122.276228, "geoid_str_": "1 (Tract 4031, Alameda, CA)", "total": 2.0 }, "geometry": { "type": "Point", "coordinates": [ -122.276228, 37.802314 ] } },
{ "type": "Feature", "properties": { "ID": 170624, "Access Days Time": "24 hours daily", "EV Level1 EVSE Num": null, "EV Level2 EVSE Num": 2.0, "EV DC Fast Count": null, "Latitude": 37.802337, "Longitude": -122.276432, "geoid_str_": "1 (Tract 4031, Alameda, CA)", "total": 2.0 }, "geometry": { "type": "Point", "coordinates": [ -122.276432, 37.802337 ] } },
{ "type": "Feature", "properties": { "ID": 170625, "Access Days Time": "24 hours daily", "EV Level1 EVSE Num": null, "EV Level2 EVSE Num": 2.0, "EV DC Fast Count": null, "Latitude": 37.802248, "Longitude": -122.276295, "geoid_str_": "1 (Tract 4031, Alameda, CA)", "total": 2.0 }, "geometry": { "type": "Point", "coordinates": [ -122.276295, 37.802248 ] } },
{ "type": "Feature", "properties": { "ID": 170970, "Access Days Time": "24 hours daily", "EV Level1 EVSE Num": null, "EV Level2 EVSE Num": 2.0, "EV DC Fast Count": null, "Latitude": 37.802195, "Longitude": -122.276108, "geoid_str_": "1 (Tract 4031, Alameda, CA)", "total": 2.0 }, "geometry": { "type": "Point", "coordinates": [ -122.276108, 37.802195 ] } },
{ "type": "Feature", "properties": { "ID": 172191, "Access Days Time": "Sat: 12:00am-12:00am; Sun: 12:00am-12:00am", "EV Level1 EVSE Num": null, "EV Level2 EVSE Num": 2.0, "EV DC Fast Count": null, "Latitude": 37.700127, "Longitude": -121.892154, "geoid_str_": "2 (Tract 4507.43, Alameda, CA)", "total": 2.0 }, "geometry": { "type": "Point", "coordinates": [ -121.892154, 37.700127 ] } },
{ "type": "Feature", "properties": { "ID": 172192, "Access Days Time": "Sat: 12:00am-12:00am; Sun: 12:00am-12:00am", "EV Level1 EVSE Num": null, "EV Level2 EVSE Num": 2.0, "EV DC Fast Count": null, "Latitude": 37.699445, "Longitude": -121.890222, "geoid_str_": "2 (Tract 4507.43, Alameda, CA)", "total": 2.0 }, "geometry": { "type": "Point", "coordinates": [ -121.890222, 37.699445 ] } },
{ "type": "Feature", "properties": { "ID": 172438, "Access Days Time": "24 hours daily", "EV Level1 EVSE Num": null, "EV Level2 EVSE Num": 1.0, "EV DC Fast Count": null, "Latitude": 37.70295, "Longitude": -121.918322, "geoid_str_": "2 (Tract 4503, Alameda, CA)", "total": 1.0 }, "geometry": { "type": "Point", "coordinates": [ -121.918322, 37.70295 ] } },
{ "type": "Feature", "properties": { "ID": 172439, "Access Days Time": "24 hours daily", "EV Level1 EVSE Num": null, "EV Level2 EVSE Num": 1.0, "EV DC Fast Count": null, "Latitude": 37.702799, "Longitude": -121.918443, "geoid_str_": "2 (Tract 4503, Alameda, CA)", "total": 1.0 }, "geometry": { "type": "Point", "coordinates": [ -121.918443, 37.702799 ] } },
{ "type": "Feature", "properties": { "ID": 175304, "Access Days Time": "24 hours daily", "EV Level1 EVSE Num": null, "EV Level2 EVSE Num": 2.0, "EV DC Fast Count": null, "Latitude": 37.593051, "Longitude": -122.089699, "geoid_str_": "1 (Tract 4403.31, Alameda, CA)", "total": 2.0 }, "geometry": { "type": "Point", "coordinates": [ -122.089699, 37.593051 ] } },
{ "type": "Feature", "properties": { "ID": 175565, "Access Days Time": "24 hours daily", "EV Level1 EVSE Num": null, "EV Level2 EVSE Num": 2.0, "EV DC Fast Count": null, "Latitude": 37.62456, "Longitude": -122.1271, "geoid_str_": "1 (Tract 4371.01, Alameda, CA)", "total": 2.0 }, "geometry": { "type": "Point", "coordinates": [ -122.1271, 37.62456 ] } },
{ "type": "Feature", "properties": { "ID": 175859, "Access Days Time": "24 hours daily", "EV Level1 EVSE Num": null, "EV Level2 EVSE Num": 1.0, "EV DC Fast Count": null, "Latitude": 37.732048, "Longitude": -122.200379, "geoid_str_": "3 (Tract 4090, Alameda, CA)", "total": 1.0 }, "geometry": { "type": "Point", "coordinates": [ -122.200379, 37.732048 ] } },
{ "type": "Feature", "properties": { "ID": 175864, "Access Days Time": "24 hours daily", "EV Level1 EVSE Num": null, "EV Level2 EVSE Num": 1.0, "EV DC Fast Count": null, "Latitude": 37.704807, "Longitude": -121.91984, "geoid_str_": "3 (Tract 4503, Alameda, CA)", "total": 1.0 }, "geometry": { "type": "Point", "coordinates": [ -121.91984, 37.704807 ] } },
{ "type": "Feature", "properties": { "ID": 175953, "Access Days Time": "24 hours daily", "EV Level1 EVSE Num": null, "EV Level2 EVSE Num": 2.0, "EV DC Fast Count": null, "Latitude": 37.870335, "Longitude": -122.26986, "geoid_str_": "3 (Tract 4229.02, Alameda, CA)", "total": 2.0 }, "geometry": { "type": "Point", "coordinates": [ -122.26986, 37.870335 ] } },
{ "type": "Feature", "properties": { "ID": 175955, "Access Days Time": "24 hours daily", "EV Level1 EVSE Num": null, "EV Level2 EVSE Num": 2.0, "EV DC Fast Count": null, "Latitude": 37.870549, "Longitude": -122.269763, "geoid_str_": "3 (Tract 4229.02, Alameda, CA)", "total": 2.0 }, "geometry": { "type": "Point", "coordinates": [ -122.269763, 37.870549 ] } },
{ "type": "Feature", "properties": { "ID": 175956, "Access Days Time": "24 hours daily", "EV Level1 EVSE Num": null, "EV Level2 EVSE Num": 2.0, "EV DC Fast Count": null, "Latitude": 37.870528, "Longitude": -122.269881, "geoid_str_": "3 (Tract 4229.02, Alameda, CA)", "total": 2.0 }, "geometry": { "type": "Point", "coordinates": [ -122.269881, 37.870528 ] } },
{ "type": "Feature", "properties": { "ID": 175957, "Access Days Time": "24 hours daily", "EV Level1 EVSE Num": null, "EV Level2 EVSE Num": 2.0, "EV DC Fast Count": null, "Latitude": 37.870517, "Longitude": -122.26982, "geoid_str_": "3 (Tract 4229.02, Alameda, CA)", "total": 2.0 }, "geometry": { "type": "Point", "coordinates": [ -122.26982, 37.870517 ] } },
{ "type": "Feature", "properties": { "ID": 175958, "Access Days Time": "24 hours daily", "EV Level1 EVSE Num": null, "EV Level2 EVSE Num": 2.0, "EV DC Fast Count": null, "Latitude": 37.870494, "Longitude": -122.269852, "geoid_str_": "3 (Tract 4229.02, Alameda, CA)", "total": 2.0 }, "geometry": { "type": "Point", "coordinates": [ -122.269852, 37.870494 ] } },
{ "type": "Feature", "properties": { "ID": 175959, "Access Days Time": "24 hours daily", "EV Level1 EVSE Num": null, "EV Level2 EVSE Num": 2.0, "EV DC Fast Count": null, "Latitude": 37.870538, "Longitude": -122.269737, "geoid_str_": "3 (Tract 4229.02, Alameda, CA)", "total": 2.0 }, "geometry": { "type": "Point", "coordinates": [ -122.269737, 37.870538 ] } },
{ "type": "Feature", "properties": { "ID": 175960, "Access Days Time": "24 hours daily", "EV Level1 EVSE Num": null, "EV Level2 EVSE Num": 1.0, "EV DC Fast Count": null, "Latitude": 37.870562, "Longitude": -122.269785, "geoid_str_": "3 (Tract 4229.02, Alameda, CA)", "total": 1.0 }, "geometry": { "type": "Point", "coordinates": [ -122.269785, 37.870562 ] } },
{ "type": "Feature", "properties": { "ID": 175961, "Access Days Time": "24 hours daily", "EV Level1 EVSE Num": null, "EV Level2 EVSE Num": 2.0, "EV DC Fast Count": null, "Latitude": 37.870591, "Longitude": -122.269908, "geoid_str_": "3 (Tract 4229.02, Alameda, CA)", "total": 2.0 }, "geometry": { "type": "Point", "coordinates": [ -122.269908, 37.870591 ] } },
{ "type": "Feature", "properties": { "ID": 175962, "Access Days Time": "24 hours daily", "EV Level1 EVSE Num": null, "EV Level2 EVSE Num": 2.0, "EV DC Fast Count": null, "Latitude": 37.870532, "Longitude": -122.269908, "geoid_str_": "3 (Tract 4229.02, Alameda, CA)", "total": 2.0 }, "geometry": { "type": "Point", "coordinates": [ -122.269908, 37.870532 ] } },
{ "type": "Feature", "properties": { "ID": 175963, "Access Days Time": "24 hours daily", "EV Level1 EVSE Num": null, "EV Level2 EVSE Num": 2.0, "EV DC Fast Count": null, "Latitude": 37.870583, "Longitude": -122.269876, "geoid_str_": "3 (Tract 4229.02, Alameda, CA)", "total": 2.0 }, "geometry": { "type": "Point", "coordinates": [ -122.269876, 37.870583 ] } },
{ "type": "Feature", "properties": { "ID": 175967, "Access Days Time": "24 hours daily", "EV Level1 EVSE Num": null, "EV Level2 EVSE Num": 2.0, "EV DC Fast Count": null, "Latitude": 37.870316, "Longitude": -122.26985, "geoid_str_": "3 (Tract 4229.02, Alameda, CA)", "total": 2.0 }, "geometry": { "type": "Point", "coordinates": [ -122.26985, 37.870316 ] } },
{ "type": "Feature", "properties": { "ID": 175969, "Access Days Time": "24 hours daily", "EV Level1 EVSE Num": null, "EV Level2 EVSE Num": 1.0, "EV DC Fast Count": null, "Latitude": 37.870559, "Longitude": -122.269761, "geoid_str_": "3 (Tract 4229.02, Alameda, CA)", "total": 1.0 }, "geometry": { "type": "Point", "coordinates": [ -122.269761, 37.870559 ] } },
{ "type": "Feature", "properties": { "ID": 175970, "Access Days Time": "24 hours daily", "EV Level1 EVSE Num": null, "EV Level2 EVSE Num": 2.0, "EV DC Fast Count": null, "Latitude": 37.870346, "Longitude": -122.269875, "geoid_str_": "3 (Tract 4229.02, Alameda, CA)", "total": 2.0 }, "geometry": { "type": "Point", "coordinates": [ -122.269875, 37.870346 ] } },
{ "type": "Feature", "properties": { "ID": 175971, "Access Days Time": "24 hours daily", "EV Level1 EVSE Num": null, "EV Level2 EVSE Num": 2.0, "EV DC Fast Count": null, "Latitude": 37.870549, "Longitude": -122.269908, "geoid_str_": "3 (Tract 4229.02, Alameda, CA)", "total": 2.0 }, "geometry": { "type": "Point", "coordinates": [ -122.269908, 37.870549 ] } },
{ "type": "Feature", "properties": { "ID": 175972, "Access Days Time": "24 hours daily", "EV Level1 EVSE Num": null, "EV Level2 EVSE Num": 2.0, "EV DC Fast Count": null, "Latitude": 37.870543, "Longitude": -122.269812, "geoid_str_": "3 (Tract 4229.02, Alameda, CA)", "total": 2.0 }, "geometry": { "type": "Point", "coordinates": [ -122.269812, 37.870543 ] } },
{ "type": "Feature", "properties": { "ID": 175973, "Access Days Time": "24 hours daily", "EV Level1 EVSE Num": null, "EV Level2 EVSE Num": 2.0, "EV DC Fast Count": null, "Latitude": 37.87079, "Longitude": -122.269902, "geoid_str_": "3 (Tract 4229.02, Alameda, CA)", "total": 2.0 }, "geometry": { "type": "Point", "coordinates": [ -122.269902, 37.87079 ] } },
{ "type": "Feature", "properties": { "ID": 176096, "Access Days Time": "24 hours daily", "EV Level1 EVSE Num": null, "EV Level2 EVSE Num": 2.0, "EV DC Fast Count": null, "Latitude": 37.67502, "Longitude": -121.756375, "geoid_str_": "1 (Tract 4515.01, Alameda, CA)", "total": 2.0 }, "geometry": { "type": "Point", "coordinates": [ -121.756375, 37.67502 ] } },
{ "type": "Feature", "properties": { "ID": 176302, "Access Days Time": "24 hours daily", "EV Level1 EVSE Num": null, "EV Level2 EVSE Num": 2.0, "EV DC Fast Count": null, "Latitude": 37.724481, "Longitude": -122.241921, "geoid_str_": "4 (Tract 4283.01, Alameda, CA)", "total": 2.0 }, "geometry": { "type": "Point", "coordinates": [ -122.241921, 37.724481 ] } },
{ "type": "Feature", "properties": { "ID": 176369, "Access Days Time": "24 hours daily", "EV Level1 EVSE Num": null, "EV Level2 EVSE Num": 2.0, "EV DC Fast Count": null, "Latitude": 37.867361, "Longitude": -122.259509, "geoid_str_": "2 (Tract 4228, Alameda, CA)", "total": 2.0 }, "geometry": { "type": "Point", "coordinates": [ -122.259509, 37.867361 ] } },
{ "type": "Feature", "properties": { "ID": 176370, "Access Days Time": "24 hours daily", "EV Level1 EVSE Num": null, "EV Level2 EVSE Num": 2.0, "EV DC Fast Count": null, "Latitude": 37.867442, "Longitude": -122.259514, "geoid_str_": "2 (Tract 4228, Alameda, CA)", "total": 2.0 }, "geometry": { "type": "Point", "coordinates": [ -122.259514, 37.867442 ] } },
{ "type": "Feature", "properties": { "ID": 176371, "Access Days Time": "24 hours daily", "EV Level1 EVSE Num": null, "EV Level2 EVSE Num": 2.0, "EV DC Fast Count": null, "Latitude": 37.867363, "Longitude": -122.25951, "geoid_str_": "2 (Tract 4228, Alameda, CA)", "total": 2.0 }, "geometry": { "type": "Point", "coordinates": [ -122.25951, 37.867363 ] } },
{ "type": "Feature", "properties": { "ID": 176861, "Access Days Time": "24 hours daily", "EV Level1 EVSE Num": null, "EV Level2 EVSE Num": 1.0, "EV DC Fast Count": null, "Latitude": 37.658383, "Longitude": -121.878871, "geoid_str_": "2 (Tract 4506.07, Alameda, CA)", "total": 1.0 }, "geometry": { "type": "Point", "coordinates": [ -121.878871, 37.658383 ] } },
{ "type": "Feature", "properties": { "ID": 176904, "Access Days Time": "24 hours daily", "EV Level1 EVSE Num": null, "EV Level2 EVSE Num": 1.0, "EV DC Fast Count": null, "Latitude": 37.703933, "Longitude": -121.81705, "geoid_str_": "1 (Tract 4507.52, Alameda, CA)", "total": 1.0 }, "geometry": { "type": "Point", "coordinates": [ -121.81705, 37.703933 ] } },
{ "type": "Feature", "properties": { "ID": 177013, "Access Days Time": "24 hours daily", "EV Level1 EVSE Num": null, "EV Level2 EVSE Num": 1.0, "EV DC Fast Count": null, "Latitude": 37.80048, "Longitude": -122.265159, "geoid_str_": "1 (Tract 4034.02, Alameda, CA)", "total": 1.0 }, "geometry": { "type": "Point", "coordinates": [ -122.265159, 37.80048 ] } },
{ "type": "Feature", "properties": { "ID": 177014, "Access Days Time": "24 hours daily", "EV Level1 EVSE Num": null, "EV Level2 EVSE Num": 1.0, "EV DC Fast Count": null, "Latitude": 37.800635, "Longitude": -122.265114, "geoid_str_": "1 (Tract 4034.02, Alameda, CA)", "total": 1.0 }, "geometry": { "type": "Point", "coordinates": [ -122.265114, 37.800635 ] } },
{ "type": "Feature", "properties": { "ID": 177015, "Access Days Time": "24 hours daily", "EV Level1 EVSE Num": null, "EV Level2 EVSE Num": 1.0, "EV DC Fast Count": null, "Latitude": 37.800567, "Longitude": -122.265304, "geoid_str_": "1 (Tract 4034.02, Alameda, CA)", "total": 1.0 }, "geometry": { "type": "Point", "coordinates": [ -122.265304, 37.800567 ] } },
{ "type": "Feature", "properties": { "ID": 177016, "Access Days Time": "24 hours daily", "EV Level1 EVSE Num": null, "EV Level2 EVSE Num": 1.0, "EV DC Fast Count": null, "Latitude": 37.800513, "Longitude": -122.265073, "geoid_str_": "1 (Tract 4034.02, Alameda, CA)", "total": 1.0 }, "geometry": { "type": "Point", "coordinates": [ -122.265073, 37.800513 ] } },
{ "type": "Feature", "properties": { "ID": 177017, "Access Days Time": "24 hours daily", "EV Level1 EVSE Num": null, "EV Level2 EVSE Num": 1.0, "EV DC Fast Count": null, "Latitude": 37.800536, "Longitude": -122.265044, "geoid_str_": "1 (Tract 4034.02, Alameda, CA)", "total": 1.0 }, "geometry": { "type": "Point", "coordinates": [ -122.265044, 37.800536 ] } },
{ "type": "Feature", "properties": { "ID": 177018, "Access Days Time": "24 hours daily", "EV Level1 EVSE Num": null, "EV Level2 EVSE Num": 1.0, "EV DC Fast Count": null, "Latitude": 37.800486, "Longitude": -122.26512, "geoid_str_": "1 (Tract 4034.02, Alameda, CA)", "total": 1.0 }, "geometry": { "type": "Point", "coordinates": [ -122.26512, 37.800486 ] } },
{ "type": "Feature", "properties": { "ID": 177019, "Access Days Time": "24 hours daily", "EV Level1 EVSE Num": null, "EV Level2 EVSE Num": 2.0, "EV DC Fast Count": null, "Latitude": 37.800472, "Longitude": -122.26521, "geoid_str_": "1 (Tract 4034.02, Alameda, CA)", "total": 2.0 }, "geometry": { "type": "Point", "coordinates": [ -122.26521, 37.800472 ] } },
{ "type": "Feature", "properties": { "ID": 177020, "Access Days Time": "24 hours daily", "EV Level1 EVSE Num": null, "EV Level2 EVSE Num": 2.0, "EV DC Fast Count": null, "Latitude": 37.800776, "Longitude": -122.264983, "geoid_str_": "1 (Tract 4034.02, Alameda, CA)", "total": 2.0 }, "geometry": { "type": "Point", "coordinates": [ -122.264983, 37.800776 ] } },
{ "type": "Feature", "properties": { "ID": 177021, "Access Days Time": "24 hours daily", "EV Level1 EVSE Num": null, "EV Level2 EVSE Num": 2.0, "EV DC Fast Count": null, "Latitude": 37.800742, "Longitude": -122.264976, "geoid_str_": "1 (Tract 4034.02, Alameda, CA)", "total": 2.0 }, "geometry": { "type": "Point", "coordinates": [ -122.264976, 37.800742 ] } },
{ "type": "Feature", "properties": { "ID": 177022, "Access Days Time": "24 hours daily", "EV Level1 EVSE Num": null, "EV Level2 EVSE Num": 2.0, "EV DC Fast Count": null, "Latitude": 37.800584, "Longitude": -122.265044, "geoid_str_": "1 (Tract 4034.02, Alameda, CA)", "total": 2.0 }, "geometry": { "type": "Point", "coordinates": [ -122.265044, 37.800584 ] } },
{ "type": "Feature", "properties": { "ID": 177122, "Access Days Time": "24 hours daily", "EV Level1 EVSE Num": null, "EV Level2 EVSE Num": 2.0, "EV DC Fast Count": null, "Latitude": 37.547986, "Longitude": -122.05429, "geoid_str_": "3 (Tract 4442, Alameda, CA)", "total": 2.0 }, "geometry": { "type": "Point", "coordinates": [ -122.05429, 37.547986 ] } },
{ "type": "Feature", "properties": { "ID": 177148, "Access Days Time": "24 hours daily", "EV Level1 EVSE Num": null, "EV Level2 EVSE Num": 2.0, "EV DC Fast Count": null, "Latitude": 37.799311, "Longitude": -122.275863, "geoid_str_": "2 (Tract 4031, Alameda, CA)", "total": 2.0 }, "geometry": { "type": "Point", "coordinates": [ -122.275863, 37.799311 ] } },
{ "type": "Feature", "properties": { "ID": 177149, "Access Days Time": "24 hours daily", "EV Level1 EVSE Num": null, "EV Level2 EVSE Num": 2.0, "EV DC Fast Count": null, "Latitude": 37.799319, "Longitude": -122.275884, "geoid_str_": "2 (Tract 4031, Alameda, CA)", "total": 2.0 }, "geometry": { "type": "Point", "coordinates": [ -122.275884, 37.799319 ] } },
{ "type": "Feature", "properties": { "ID": 177150, "Access Days Time": "24 hours daily", "EV Level1 EVSE Num": null, "EV Level2 EVSE Num": 2.0, "EV DC Fast Count": null, "Latitude": 37.799328, "Longitude": -122.275852, "geoid_str_": "2 (Tract 4031, Alameda, CA)", "total": 2.0 }, "geometry": { "type": "Point", "coordinates": [ -122.275852, 37.799328 ] } },
{ "type": "Feature", "properties": { "ID": 177182, "Access Days Time": "24 hours daily", "EV Level1 EVSE Num": null, "EV Level2 EVSE Num": 2.0, "EV DC Fast Count": null, "Latitude": 37.82723, "Longitude": -122.208879, "geoid_str_": "4 (Tract 4045.02, Alameda, CA)", "total": 2.0 }, "geometry": { "type": "Point", "coordinates": [ -122.208879, 37.82723 ] } },
{ "type": "Feature", "properties": { "ID": 177318, "Access Days Time": "24 hours daily", "EV Level1 EVSE Num": null, "EV Level2 EVSE Num": 2.0, "EV DC Fast Count": null, "Latitude": 37.709806, "Longitude": -121.801973, "geoid_str_": "1 (Tract 4512.02, Alameda, CA)", "total": 2.0 }, "geometry": { "type": "Point", "coordinates": [ -121.801973, 37.709806 ] } },
{ "type": "Feature", "properties": { "ID": 177319, "Access Days Time": "24 hours daily", "EV Level1 EVSE Num": null, "EV Level2 EVSE Num": 2.0, "EV DC Fast Count": null, "Latitude": 37.709826, "Longitude": -121.801812, "geoid_str_": "1 (Tract 4512.02, Alameda, CA)", "total": 2.0 }, "geometry": { "type": "Point", "coordinates": [ -121.801812, 37.709826 ] } },
{ "type": "Feature", "properties": { "ID": 177320, "Access Days Time": "24 hours daily", "EV Level1 EVSE Num": null, "EV Level2 EVSE Num": 2.0, "EV DC Fast Count": null, "Latitude": 37.709816, "Longitude": -121.801896, "geoid_str_": "1 (Tract 4512.02, Alameda, CA)", "total": 2.0 }, "geometry": { "type": "Point", "coordinates": [ -121.801896, 37.709816 ] } },
{ "type": "Feature", "properties": { "ID": 177321, "Access Days Time": "24 hours daily", "EV Level1 EVSE Num": null, "EV Level2 EVSE Num": 2.0, "EV DC Fast Count": null, "Latitude": 37.709835, "Longitude": -121.801746, "geoid_str_": "1 (Tract 4512.02, Alameda, CA)", "total": 2.0 }, "geometry": { "type": "Point", "coordinates": [ -121.801746, 37.709835 ] } },
{ "type": "Feature", "properties": { "ID": 177499, "Access Days Time": "24 hours daily", "EV Level1 EVSE Num": null, "EV Level2 EVSE Num": 1.0, "EV DC Fast Count": null, "Latitude": 37.771596, "Longitude": -122.191677, "geoid_str_": "1 (Tract 4075, Alameda, CA)", "total": 1.0 }, "geometry": { "type": "Point", "coordinates": [ -122.191677, 37.771596 ] } },
{ "type": "Feature", "properties": { "ID": 177500, "Access Days Time": "24 hours daily", "EV Level1 EVSE Num": null, "EV Level2 EVSE Num": 1.0, "EV DC Fast Count": null, "Latitude": 37.771596, "Longitude": -122.191677, "geoid_str_": "1 (Tract 4075, Alameda, CA)", "total": 1.0 }, "geometry": { "type": "Point", "coordinates": [ -122.191677, 37.771596 ] } },
{ "type": "Feature", "properties": { "ID": 177695, "Access Days Time": "24 hours daily", "EV Level1 EVSE Num": null, "EV Level2 EVSE Num": 2.0, "EV DC Fast Count": null, "Latitude": 37.658139, "Longitude": -122.053331, "geoid_str_": "2 (Tract 4351.02, Alameda, CA)", "total": 2.0 }, "geometry": { "type": "Point", "coordinates": [ -122.053331, 37.658139 ] } },
{ "type": "Feature", "properties": { "ID": 177696, "Access Days Time": "24 hours daily", "EV Level1 EVSE Num": null, "EV Level2 EVSE Num": 2.0, "EV DC Fast Count": null, "Latitude": 37.659612, "Longitude": -122.056959, "geoid_str_": "2 (Tract 4351.02, Alameda, CA)", "total": 2.0 }, "geometry": { "type": "Point", "coordinates": [ -122.056959, 37.659612 ] } },
{ "type": "Feature", "properties": { "ID": 177697, "Access Days Time": "24 hours daily", "EV Level1 EVSE Num": null, "EV Level2 EVSE Num": 2.0, "EV DC Fast Count": null, "Latitude": 37.659639, "Longitude": -122.056974, "geoid_str_": "2 (Tract 4351.02, Alameda, CA)", "total": 2.0 }, "geometry": { "type": "Point", "coordinates": [ -122.056974, 37.659639 ] } },
{ "type": "Feature", "properties": { "ID": 177698, "Access Days Time": "24 hours daily", "EV Level1 EVSE Num": null, "EV Level2 EVSE Num": 2.0, "EV DC Fast Count": null, "Latitude": 37.658181, "Longitude": -122.053272, "geoid_str_": "2 (Tract 4351.02, Alameda, CA)", "total": 2.0 }, "geometry": { "type": "Point", "coordinates": [ -122.053272, 37.658181 ] } },
{ "type": "Feature", "properties": { "ID": 177699, "Access Days Time": "24 hours daily", "EV Level1 EVSE Num": null, "EV Level2 EVSE Num": 2.0, "EV DC Fast Count": null, "Latitude": 37.657973, "Longitude": -122.053475, "geoid_str_": "2 (Tract 4351.02, Alameda, CA)", "total": 2.0 }, "geometry": { "type": "Point", "coordinates": [ -122.053475, 37.657973 ] } },
{ "type": "Feature", "properties": { "ID": 177700, "Access Days Time": "24 hours daily", "EV Level1 EVSE Num": null, "EV Level2 EVSE Num": 2.0, "EV DC Fast Count": null, "Latitude": 37.654892, "Longitude": -122.056927, "geoid_str_": "2 (Tract 4365, Alameda, CA)", "total": 2.0 }, "geometry": { "type": "Point", "coordinates": [ -122.056927, 37.654892 ] } },
{ "type": "Feature", "properties": { "ID": 177702, "Access Days Time": "24 hours daily", "EV Level1 EVSE Num": null, "EV Level2 EVSE Num": 2.0, "EV DC Fast Count": null, "Latitude": 37.654908, "Longitude": -122.056875, "geoid_str_": "2 (Tract 4365, Alameda, CA)", "total": 2.0 }, "geometry": { "type": "Point", "coordinates": [ -122.056875, 37.654908 ] } },
{ "type": "Feature", "properties": { "ID": 177703, "Access Days Time": "24 hours daily", "EV Level1 EVSE Num": null, "EV Level2 EVSE Num": 2.0, "EV DC Fast Count": null, "Latitude": 37.655701, "Longitude": -122.057968, "geoid_str_": "2 (Tract 4365, Alameda, CA)", "total": 2.0 }, "geometry": { "type": "Point", "coordinates": [ -122.057968, 37.655701 ] } },
{ "type": "Feature", "properties": { "ID": 177704, "Access Days Time": "24 hours daily", "EV Level1 EVSE Num": null, "EV Level2 EVSE Num": 2.0, "EV DC Fast Count": null, "Latitude": 37.654934, "Longitude": -122.056812, "geoid_str_": "2 (Tract 4365, Alameda, CA)", "total": 2.0 }, "geometry": { "type": "Point", "coordinates": [ -122.056812, 37.654934 ] } },
{ "type": "Feature", "properties": { "ID": 177705, "Access Days Time": "24 hours daily", "EV Level1 EVSE Num": null, "EV Level2 EVSE Num": 2.0, "EV DC Fast Count": null, "Latitude": 37.655758, "Longitude": -122.05794, "geoid_str_": "2 (Tract 4365, Alameda, CA)", "total": 2.0 }, "geometry": { "type": "Point", "coordinates": [ -122.05794, 37.655758 ] } },
{ "type": "Feature", "properties": { "ID": 177706, "Access Days Time": "24 hours daily", "EV Level1 EVSE Num": null, "EV Level2 EVSE Num": 2.0, "EV DC Fast Count": null, "Latitude": 37.655792, "Longitude": -122.057884, "geoid_str_": "2 (Tract 4365, Alameda, CA)", "total": 2.0 }, "geometry": { "type": "Point", "coordinates": [ -122.057884, 37.655792 ] } },
{ "type": "Feature", "properties": { "ID": 177707, "Access Days Time": "24 hours daily", "EV Level1 EVSE Num": null, "EV Level2 EVSE Num": 2.0, "EV DC Fast Count": null, "Latitude": 37.655004, "Longitude": -122.056709, "geoid_str_": "2 (Tract 4365, Alameda, CA)", "total": 2.0 }, "geometry": { "type": "Point", "coordinates": [ -122.056709, 37.655004 ] } },
{ "type": "Feature", "properties": { "ID": 177708, "Access Days Time": "24 hours daily", "EV Level1 EVSE Num": null, "EV Level2 EVSE Num": 2.0, "EV DC Fast Count": null, "Latitude": 37.657954, "Longitude": -122.053487, "geoid_str_": "2 (Tract 4351.02, Alameda, CA)", "total": 2.0 }, "geometry": { "type": "Point", "coordinates": [ -122.053487, 37.657954 ] } },
{ "type": "Feature", "properties": { "ID": 177709, "Access Days Time": "24 hours daily", "EV Level1 EVSE Num": null, "EV Level2 EVSE Num": 2.0, "EV DC Fast Count": null, "Latitude": 37.658003, "Longitude": -122.053453, "geoid_str_": "2 (Tract 4351.02, Alameda, CA)", "total": 2.0 }, "geometry": { "type": "Point", "coordinates": [ -122.053453, 37.658003 ] } },
{ "type": "Feature", "properties": { "ID": 177710, "Access Days Time": "24 hours daily", "EV Level1 EVSE Num": null, "EV Level2 EVSE Num": 2.0, "EV DC Fast Count": null, "Latitude": 37.658237, "Longitude": -122.053211, "geoid_str_": "2 (Tract 4351.02, Alameda, CA)", "total": 2.0 }, "geometry": { "type": "Point", "coordinates": [ -122.053211, 37.658237 ] } },
{ "type": "Feature", "properties": { "ID": 177733, "Access Days Time": "24 hours daily", "EV Level1 EVSE Num": null, "EV Level2 EVSE Num": 2.0, "EV DC Fast Count": null, "Latitude": 37.713216, "Longitude": -121.798691, "geoid_str_": "1 (Tract 4512.02, Alameda, CA)", "total": 2.0 }, "geometry": { "type": "Point", "coordinates": [ -121.798691, 37.713216 ] } },
{ "type": "Feature", "properties": { "ID": 177734, "Access Days Time": "24 hours daily", "EV Level1 EVSE Num": null, "EV Level2 EVSE Num": 2.0, "EV DC Fast Count": null, "Latitude": 37.713119, "Longitude": -121.798576, "geoid_str_": "1 (Tract 4512.02, Alameda, CA)", "total": 2.0 }, "geometry": { "type": "Point", "coordinates": [ -121.798576, 37.713119 ] } },
{ "type": "Feature", "properties": { "ID": 177791, "Access Days Time": "24 hours daily", "EV Level1 EVSE Num": null, "EV Level2 EVSE Num": 2.0, "EV DC Fast Count": null, "Latitude": 37.717208, "Longitude": -122.118984, "geoid_str_": "1 (Tract 4305, Alameda, CA)", "total": 2.0 }, "geometry": { "type": "Point", "coordinates": [ -122.118984, 37.717208 ] } },
{ "type": "Feature", "properties": { "ID": 177795, "Access Days Time": "24 hours daily", "EV Level1 EVSE Num": null, "EV Level2 EVSE Num": 1.0, "EV DC Fast Count": null, "Latitude": 37.800631, "Longitude": -122.265143, "geoid_str_": "1 (Tract 4034.02, Alameda, CA)", "total": 1.0 }, "geometry": { "type": "Point", "coordinates": [ -122.265143, 37.800631 ] } },
{ "type": "Feature", "properties": { "ID": 177839, "Access Days Time": "24 hours daily", "EV Level1 EVSE Num": null, "EV Level2 EVSE Num": 2.0, "EV DC Fast Count": null, "Latitude": 37.728322, "Longitude": -122.232425, "geoid_str_": "4 (Tract 4283.01, Alameda, CA)", "total": 2.0 }, "geometry": { "type": "Point", "coordinates": [ -122.232425, 37.728322 ] } },
{ "type": "Feature", "properties": { "ID": 177840, "Access Days Time": "24 hours daily", "EV Level1 EVSE Num": null, "EV Level2 EVSE Num": 2.0, "EV DC Fast Count": null, "Latitude": 37.7283, "Longitude": -122.232451, "geoid_str_": "4 (Tract 4283.01, Alameda, CA)", "total": 2.0 }, "geometry": { "type": "Point", "coordinates": [ -122.232451, 37.7283 ] } },
{ "type": "Feature", "properties": { "ID": 177841, "Access Days Time": "24 hours daily", "EV Level1 EVSE Num": null, "EV Level2 EVSE Num": 2.0, "EV DC Fast Count": null, "Latitude": 37.657832, "Longitude": -122.093387, "geoid_str_": "1 (Tract 4368, Alameda, CA)", "total": 2.0 }, "geometry": { "type": "Point", "coordinates": [ -122.093387, 37.657832 ] } },
{ "type": "Feature", "properties": { "ID": 177842, "Access Days Time": "24 hours daily", "EV Level1 EVSE Num": null, "EV Level2 EVSE Num": 2.0, "EV DC Fast Count": null, "Latitude": 37.657809, "Longitude": -122.093425, "geoid_str_": "1 (Tract 4368, Alameda, CA)", "total": 2.0 }, "geometry": { "type": "Point", "coordinates": [ -122.093425, 37.657809 ] } },
{ "type": "Feature", "properties": { "ID": 177857, "Access Days Time": "24 hours daily", "EV Level1 EVSE Num": null, "EV Level2 EVSE Num": 2.0, "EV DC Fast Count": null, "Latitude": 37.657841, "Longitude": -122.093361, "geoid_str_": "1 (Tract 4368, Alameda, CA)", "total": 2.0 }, "geometry": { "type": "Point", "coordinates": [ -122.093361, 37.657841 ] } },
{ "type": "Feature", "properties": { "ID": 177858, "Access Days Time": "24 hours daily", "EV Level1 EVSE Num": null, "EV Level2 EVSE Num": 2.0, "EV DC Fast Count": null, "Latitude": 37.657865, "Longitude": -122.093312, "geoid_str_": "1 (Tract 4368, Alameda, CA)", "total": 2.0 }, "geometry": { "type": "Point", "coordinates": [ -122.093312, 37.657865 ] } },
{ "type": "Feature", "properties": { "ID": 177859, "Access Days Time": "24 hours daily", "EV Level1 EVSE Num": null, "EV Level2 EVSE Num": 2.0, "EV DC Fast Count": null, "Latitude": 37.656537, "Longitude": -122.095647, "geoid_str_": "1 (Tract 4368, Alameda, CA)", "total": 2.0 }, "geometry": { "type": "Point", "coordinates": [ -122.095647, 37.656537 ] } },
{ "type": "Feature", "properties": { "ID": 177860, "Access Days Time": "24 hours daily", "EV Level1 EVSE Num": null, "EV Level2 EVSE Num": 2.0, "EV DC Fast Count": null, "Latitude": 37.80024, "Longitude": -122.277788, "geoid_str_": "2 (Tract 4031, Alameda, CA)", "total": 2.0 }, "geometry": { "type": "Point", "coordinates": [ -122.277788, 37.80024 ] } },
{ "type": "Feature", "properties": { "ID": 177861, "Access Days Time": "24 hours daily", "EV Level1 EVSE Num": null, "EV Level2 EVSE Num": 2.0, "EV DC Fast Count": null, "Latitude": 37.800232, "Longitude": -122.277739, "geoid_str_": "2 (Tract 4031, Alameda, CA)", "total": 2.0 }, "geometry": { "type": "Point", "coordinates": [ -122.277739, 37.800232 ] } },
{ "type": "Feature", "properties": { "ID": 177862, "Access Days Time": "24 hours daily", "EV Level1 EVSE Num": null, "EV Level2 EVSE Num": 2.0, "EV DC Fast Count": null, "Latitude": 37.800285, "Longitude": -122.277927, "geoid_str_": "2 (Tract 4031, Alameda, CA)", "total": 2.0 }, "geometry": { "type": "Point", "coordinates": [ -122.277927, 37.800285 ] } },
{ "type": "Feature", "properties": { "ID": 177863, "Access Days Time": "24 hours daily", "EV Level1 EVSE Num": null, "EV Level2 EVSE Num": 2.0, "EV DC Fast Count": null, "Latitude": 37.800321, "Longitude": -122.277959, "geoid_str_": "2 (Tract 4031, Alameda, CA)", "total": 2.0 }, "geometry": { "type": "Point", "coordinates": [ -122.277959, 37.800321 ] } },
{ "type": "Feature", "properties": { "ID": 177864, "Access Days Time": "24 hours daily", "EV Level1 EVSE Num": null, "EV Level2 EVSE Num": 2.0, "EV DC Fast Count": null, "Latitude": 37.800251, "Longitude": -122.277841, "geoid_str_": "2 (Tract 4031, Alameda, CA)", "total": 2.0 }, "geometry": { "type": "Point", "coordinates": [ -122.277841, 37.800251 ] } },
{ "type": "Feature", "properties": { "ID": 177893, "Access Days Time": "24 hours daily", "EV Level1 EVSE Num": null, "EV Level2 EVSE Num": 2.0, "EV DC Fast Count": null, "Latitude": 37.800309, "Longitude": -122.277648, "geoid_str_": "2 (Tract 4031, Alameda, CA)", "total": 2.0 }, "geometry": { "type": "Point", "coordinates": [ -122.277648, 37.800309 ] } },
{ "type": "Feature", "properties": { "ID": 177894, "Access Days Time": "24 hours daily", "EV Level1 EVSE Num": null, "EV Level2 EVSE Num": 2.0, "EV DC Fast Count": null, "Latitude": 37.800313, "Longitude": -122.277713, "geoid_str_": "2 (Tract 4031, Alameda, CA)", "total": 2.0 }, "geometry": { "type": "Point", "coordinates": [ -122.277713, 37.800313 ] } },
{ "type": "Feature", "properties": { "ID": 177921, "Access Days Time": "24 hours daily", "EV Level1 EVSE Num": null, "EV Level2 EVSE Num": 2.0, "EV DC Fast Count": null, "Latitude": 37.702575, "Longitude": -121.81656, "geoid_str_": "1 (Tract 4507.52, Alameda, CA)", "total": 2.0 }, "geometry": { "type": "Point", "coordinates": [ -121.81656, 37.702575 ] } },
{ "type": "Feature", "properties": { "ID": 177940, "Access Days Time": "24 hours daily", "EV Level1 EVSE Num": null, "EV Level2 EVSE Num": 2.0, "EV DC Fast Count": null, "Latitude": 37.658302, "Longitude": -122.053161, "geoid_str_": "2 (Tract 4351.02, Alameda, CA)", "total": 2.0 }, "geometry": { "type": "Point", "coordinates": [ -122.053161, 37.658302 ] } },
{ "type": "Feature", "properties": { "ID": 177941, "Access Days Time": "24 hours daily", "EV Level1 EVSE Num": null, "EV Level2 EVSE Num": 2.0, "EV DC Fast Count": null, "Latitude": 37.658375, "Longitude": -122.055584, "geoid_str_": "2 (Tract 4351.02, Alameda, CA)", "total": 2.0 }, "geometry": { "type": "Point", "coordinates": [ -122.055584, 37.658375 ] } },
{ "type": "Feature", "properties": { "ID": 177944, "Access Days Time": "24 hours daily", "EV Level1 EVSE Num": null, "EV Level2 EVSE Num": 2.0, "EV DC Fast Count": null, "Latitude": 37.659278, "Longitude": -122.058483, "geoid_str_": "2 (Tract 4351.02, Alameda, CA)", "total": 2.0 }, "geometry": { "type": "Point", "coordinates": [ -122.058483, 37.659278 ] } },
{ "type": "Feature", "properties": { "ID": 177950, "Access Days Time": "24 hours daily", "EV Level1 EVSE Num": null, "EV Level2 EVSE Num": 2.0, "EV DC Fast Count": null, "Latitude": 37.639652, "Longitude": -122.103643, "geoid_str_": "2 (Tract 4372, Alameda, CA)", "total": 2.0 }, "geometry": { "type": "Point", "coordinates": [ -122.103643, 37.639652 ] } },
{ "type": "Feature", "properties": { "ID": 177951, "Access Days Time": "24 hours daily", "EV Level1 EVSE Num": null, "EV Level2 EVSE Num": 2.0, "EV DC Fast Count": null, "Latitude": 37.641738, "Longitude": -122.107452, "geoid_str_": "2 (Tract 4372, Alameda, CA)", "total": 2.0 }, "geometry": { "type": "Point", "coordinates": [ -122.107452, 37.641738 ] } },
{ "type": "Feature", "properties": { "ID": 177952, "Access Days Time": "24 hours daily", "EV Level1 EVSE Num": null, "EV Level2 EVSE Num": 2.0, "EV DC Fast Count": null, "Latitude": 37.639278, "Longitude": -122.105544, "geoid_str_": "2 (Tract 4372, Alameda, CA)", "total": 2.0 }, "geometry": { "type": "Point", "coordinates": [ -122.105544, 37.639278 ] } },
{ "type": "Feature", "properties": { "ID": 177953, "Access Days Time": "24 hours daily", "EV Level1 EVSE Num": null, "EV Level2 EVSE Num": 2.0, "EV DC Fast Count": null, "Latitude": 37.639629, "Longitude": -122.103517, "geoid_str_": "2 (Tract 4372, Alameda, CA)", "total": 2.0 }, "geometry": { "type": "Point", "coordinates": [ -122.103517, 37.639629 ] } },
{ "type": "Feature", "properties": { "ID": 177954, "Access Days Time": "24 hours daily", "EV Level1 EVSE Num": null, "EV Level2 EVSE Num": 2.0, "EV DC Fast Count": null, "Latitude": 37.641763, "Longitude": -122.107581, "geoid_str_": "2 (Tract 4372, Alameda, CA)", "total": 2.0 }, "geometry": { "type": "Point", "coordinates": [ -122.107581, 37.641763 ] } },
{ "type": "Feature", "properties": { "ID": 177955, "Access Days Time": "24 hours daily", "EV Level1 EVSE Num": null, "EV Level2 EVSE Num": 2.0, "EV DC Fast Count": null, "Latitude": 37.639631, "Longitude": -122.103544, "geoid_str_": "2 (Tract 4372, Alameda, CA)", "total": 2.0 }, "geometry": { "type": "Point", "coordinates": [ -122.103544, 37.639631 ] } },
{ "type": "Feature", "properties": { "ID": 178063, "Access Days Time": "24 hours daily", "EV Level1 EVSE Num": null, "EV Level2 EVSE Num": 2.0, "EV DC Fast Count": null, "Latitude": 37.689926, "Longitude": -121.929694, "geoid_str_": "1 (Tract 4506.09, Alameda, CA)", "total": 2.0 }, "geometry": { "type": "Point", "coordinates": [ -121.929694, 37.689926 ] } },
{ "type": "Feature", "properties": { "ID": 178110, "Access Days Time": "24 hours daily", "EV Level1 EVSE Num": null, "EV Level2 EVSE Num": 2.0, "EV DC Fast Count": null, "Latitude": 37.804738, "Longitude": -122.275728, "geoid_str_": "1 (Tract 4031, Alameda, CA)", "total": 2.0 }, "geometry": { "type": "Point", "coordinates": [ -122.275728, 37.804738 ] } },
{ "type": "Feature", "properties": { "ID": 178165, "Access Days Time": "24 hours daily", "EV Level1 EVSE Num": null, "EV Level2 EVSE Num": 2.0, "EV DC Fast Count": null, "Latitude": 37.842371, "Longitude": -122.294054, "geoid_str_": "3 (Tract 4251.02, Alameda, CA)", "total": 2.0 }, "geometry": { "type": "Point", "coordinates": [ -122.294054, 37.842371 ] } },
{ "type": "Feature", "properties": { "ID": 178248, "Access Days Time": "24 hours daily", "EV Level1 EVSE Num": null, "EV Level2 EVSE Num": 2.0, "EV DC Fast Count": null, "Latitude": 37.728351, "Longitude": -122.232078, "geoid_str_": "4 (Tract 4283.01, Alameda, CA)", "total": 2.0 }, "geometry": { "type": "Point", "coordinates": [ -122.232078, 37.728351 ] } },
{ "type": "Feature", "properties": { "ID": 178249, "Access Days Time": "24 hours daily", "EV Level1 EVSE Num": null, "EV Level2 EVSE Num": 2.0, "EV DC Fast Count": null, "Latitude": 37.728397, "Longitude": -122.231917, "geoid_str_": "4 (Tract 4283.01, Alameda, CA)", "total": 2.0 }, "geometry": { "type": "Point", "coordinates": [ -122.231917, 37.728397 ] } },
{ "type": "Feature", "properties": { "ID": 178282, "Access Days Time": "24 hours daily", "EV Level1 EVSE Num": null, "EV Level2 EVSE Num": 2.0, "EV DC Fast Count": null, "Latitude": 37.50322, "Longitude": -121.938965, "geoid_str_": "1 (Tract 4415.25, Alameda, CA)", "total": 2.0 }, "geometry": { "type": "Point", "coordinates": [ -121.938965, 37.50322 ] } },
{ "type": "Feature", "properties": { "ID": 178283, "Access Days Time": "24 hours daily", "EV Level1 EVSE Num": null, "EV Level2 EVSE Num": 2.0, "EV DC Fast Count": null, "Latitude": 37.503624, "Longitude": -121.938935, "geoid_str_": "1 (Tract 4415.25, Alameda, CA)", "total": 2.0 }, "geometry": { "type": "Point", "coordinates": [ -121.938935, 37.503624 ] } },
{ "type": "Feature", "properties": { "ID": 178285, "Access Days Time": "24 hours daily", "EV Level1 EVSE Num": null, "EV Level2 EVSE Num": 2.0, "EV DC Fast Count": null, "Latitude": 37.503134, "Longitude": -121.939219, "geoid_str_": "1 (Tract 4415.25, Alameda, CA)", "total": 2.0 }, "geometry": { "type": "Point", "coordinates": [ -121.939219, 37.503134 ] } },
{ "type": "Feature", "properties": { "ID": 178286, "Access Days Time": "24 hours daily", "EV Level1 EVSE Num": null, "EV Level2 EVSE Num": 2.0, "EV DC Fast Count": null, "Latitude": 37.503446, "Longitude": -121.938682, "geoid_str_": "1 (Tract 4415.25, Alameda, CA)", "total": 2.0 }, "geometry": { "type": "Point", "coordinates": [ -121.938682, 37.503446 ] } },
{ "type": "Feature", "properties": { "ID": 178287, "Access Days Time": "24 hours daily", "EV Level1 EVSE Num": null, "EV Level2 EVSE Num": 2.0, "EV DC Fast Count": null, "Latitude": 37.503287, "Longitude": -121.938761, "geoid_str_": "1 (Tract 4415.25, Alameda, CA)", "total": 2.0 }, "geometry": { "type": "Point", "coordinates": [ -121.938761, 37.503287 ] } },
{ "type": "Feature", "properties": { "ID": 178288, "Access Days Time": "24 hours daily", "EV Level1 EVSE Num": null, "EV Level2 EVSE Num": 2.0, "EV DC Fast Count": null, "Latitude": 37.50317, "Longitude": -121.939119, "geoid_str_": "1 (Tract 4415.25, Alameda, CA)", "total": 2.0 }, "geometry": { "type": "Point", "coordinates": [ -121.939119, 37.50317 ] } },
{ "type": "Feature", "properties": { "ID": 178289, "Access Days Time": "24 hours daily", "EV Level1 EVSE Num": null, "EV Level2 EVSE Num": 2.0, "EV DC Fast Count": null, "Latitude": 37.503486, "Longitude": -121.938696, "geoid_str_": "1 (Tract 4415.25, Alameda, CA)", "total": 2.0 }, "geometry": { "type": "Point", "coordinates": [ -121.938696, 37.503486 ] } },
{ "type": "Feature", "properties": { "ID": 178290, "Access Days Time": "24 hours daily", "EV Level1 EVSE Num": null, "EV Level2 EVSE Num": 2.0, "EV DC Fast Count": null, "Latitude": 37.503303, "Longitude": -121.938706, "geoid_str_": "1 (Tract 4415.25, Alameda, CA)", "total": 2.0 }, "geometry": { "type": "Point", "coordinates": [ -121.938706, 37.503303 ] } },
{ "type": "Feature", "properties": { "ID": 178291, "Access Days Time": "24 hours daily", "EV Level1 EVSE Num": null, "EV Level2 EVSE Num": 2.0, "EV DC Fast Count": null, "Latitude": 37.502989, "Longitude": -121.938576, "geoid_str_": "1 (Tract 4415.25, Alameda, CA)", "total": 2.0 }, "geometry": { "type": "Point", "coordinates": [ -121.938576, 37.502989 ] } },
{ "type": "Feature", "properties": { "ID": 178292, "Access Days Time": "24 hours daily", "EV Level1 EVSE Num": null, "EV Level2 EVSE Num": 2.0, "EV DC Fast Count": null, "Latitude": 37.503119, "Longitude": -121.93927, "geoid_str_": "1 (Tract 4415.25, Alameda, CA)", "total": 2.0 }, "geometry": { "type": "Point", "coordinates": [ -121.93927, 37.503119 ] } },
{ "type": "Feature", "properties": { "ID": 178294, "Access Days Time": "24 hours daily", "EV Level1 EVSE Num": null, "EV Level2 EVSE Num": 2.0, "EV DC Fast Count": null, "Latitude": 37.503609, "Longitude": -121.938984, "geoid_str_": "1 (Tract 4415.25, Alameda, CA)", "total": 2.0 }, "geometry": { "type": "Point", "coordinates": [ -121.938984, 37.503609 ] } },
{ "type": "Feature", "properties": { "ID": 178295, "Access Days Time": "24 hours daily", "EV Level1 EVSE Num": null, "EV Level2 EVSE Num": 2.0, "EV DC Fast Count": null, "Latitude": 37.503406, "Longitude": -121.938662, "geoid_str_": "1 (Tract 4415.25, Alameda, CA)", "total": 2.0 }, "geometry": { "type": "Point", "coordinates": [ -121.938662, 37.503406 ] } },
{ "type": "Feature", "properties": { "ID": 178296, "Access Days Time": "24 hours daily", "EV Level1 EVSE Num": null, "EV Level2 EVSE Num": 2.0, "EV DC Fast Count": null, "Latitude": 37.503204, "Longitude": -121.939015, "geoid_str_": "1 (Tract 4415.25, Alameda, CA)", "total": 2.0 }, "geometry": { "type": "Point", "coordinates": [ -121.939015, 37.503204 ] } },
{ "type": "Feature", "properties": { "ID": 178297, "Access Days Time": "24 hours daily", "EV Level1 EVSE Num": null, "EV Level2 EVSE Num": 2.0, "EV DC Fast Count": null, "Latitude": 37.503253, "Longitude": -121.938864, "geoid_str_": "1 (Tract 4415.25, Alameda, CA)", "total": 2.0 }, "geometry": { "type": "Point", "coordinates": [ -121.938864, 37.503253 ] } },
{ "type": "Feature", "properties": { "ID": 178298, "Access Days Time": "24 hours daily", "EV Level1 EVSE Num": null, "EV Level2 EVSE Num": 2.0, "EV DC Fast Count": null, "Latitude": 37.50315, "Longitude": -121.939168, "geoid_str_": "1 (Tract 4415.25, Alameda, CA)", "total": 2.0 }, "geometry": { "type": "Point", "coordinates": [ -121.939168, 37.50315 ] } },
{ "type": "Feature", "properties": { "ID": 178299, "Access Days Time": "24 hours daily", "EV Level1 EVSE Num": null, "EV Level2 EVSE Num": 2.0, "EV DC Fast Count": null, "Latitude": 37.503593, "Longitude": -121.939037, "geoid_str_": "1 (Tract 4415.25, Alameda, CA)", "total": 2.0 }, "geometry": { "type": "Point", "coordinates": [ -121.939037, 37.503593 ] } },
{ "type": "Feature", "properties": { "ID": 178300, "Access Days Time": "24 hours daily", "EV Level1 EVSE Num": null, "EV Level2 EVSE Num": 1.0, "EV DC Fast Count": null, "Latitude": 37.503054, "Longitude": -121.938589, "geoid_str_": "1 (Tract 4415.25, Alameda, CA)", "total": 1.0 }, "geometry": { "type": "Point", "coordinates": [ -121.938589, 37.503054 ] } },
{ "type": "Feature", "properties": { "ID": 178301, "Access Days Time": "24 hours daily", "EV Level1 EVSE Num": null, "EV Level2 EVSE Num": 1.0, "EV DC Fast Count": null, "Latitude": 37.503526, "Longitude": -121.938715, "geoid_str_": "1 (Tract 4415.25, Alameda, CA)", "total": 1.0 }, "geometry": { "type": "Point", "coordinates": [ -121.938715, 37.503526 ] } },
{ "type": "Feature", "properties": { "ID": 178302, "Access Days Time": "24 hours daily", "EV Level1 EVSE Num": null, "EV Level2 EVSE Num": 2.0, "EV DC Fast Count": null, "Latitude": 37.503186, "Longitude": -121.939066, "geoid_str_": "1 (Tract 4415.25, Alameda, CA)", "total": 2.0 }, "geometry": { "type": "Point", "coordinates": [ -121.939066, 37.503186 ] } },
{ "type": "Feature", "properties": { "ID": 178465, "Access Days Time": "24 hours daily", "EV Level1 EVSE Num": null, "EV Level2 EVSE Num": 1.0, "EV DC Fast Count": null, "Latitude": 37.861495, "Longitude": -122.267649, "geoid_str_": "1 (Tract 4235, Alameda, CA)", "total": 1.0 }, "geometry": { "type": "Point", "coordinates": [ -122.267649, 37.861495 ] } },
{ "type": "Feature", "properties": { "ID": 178466, "Access Days Time": "24 hours daily", "EV Level1 EVSE Num": null, "EV Level2 EVSE Num": 1.0, "EV DC Fast Count": null, "Latitude": 37.861775, "Longitude": -122.267464, "geoid_str_": "1 (Tract 4235, Alameda, CA)", "total": 1.0 }, "geometry": { "type": "Point", "coordinates": [ -122.267464, 37.861775 ] } },
{ "type": "Feature", "properties": { "ID": 178468, "Access Days Time": "24 hours daily", "EV Level1 EVSE Num": null, "EV Level2 EVSE Num": 1.0, "EV DC Fast Count": null, "Latitude": 37.861612, "Longitude": -122.267671, "geoid_str_": "1 (Tract 4235, Alameda, CA)", "total": 1.0 }, "geometry": { "type": "Point", "coordinates": [ -122.267671, 37.861612 ] } },
{ "type": "Feature", "properties": { "ID": 178503, "Access Days Time": "24 hours daily", "EV Level1 EVSE Num": null, "EV Level2 EVSE Num": 2.0, "EV DC Fast Count": null, "Latitude": 37.806119, "Longitude": -122.272404, "geoid_str_": "1 (Tract 4028.02, Alameda, CA)", "total": 2.0 }, "geometry": { "type": "Point", "coordinates": [ -122.272404, 37.806119 ] } },
{ "type": "Feature", "properties": { "ID": 178504, "Access Days Time": "24 hours daily", "EV Level1 EVSE Num": null, "EV Level2 EVSE Num": 2.0, "EV DC Fast Count": null, "Latitude": 37.709948, "Longitude": -121.803776, "geoid_str_": "1 (Tract 4512.02, Alameda, CA)", "total": 2.0 }, "geometry": { "type": "Point", "coordinates": [ -121.803776, 37.709948 ] } },
{ "type": "Feature", "properties": { "ID": 178505, "Access Days Time": "24 hours daily", "EV Level1 EVSE Num": null, "EV Level2 EVSE Num": 2.0, "EV DC Fast Count": null, "Latitude": 37.710007, "Longitude": -121.803692, "geoid_str_": "1 (Tract 4512.02, Alameda, CA)", "total": 2.0 }, "geometry": { "type": "Point", "coordinates": [ -121.803692, 37.710007 ] } },
{ "type": "Feature", "properties": { "ID": 178741, "Access Days Time": "24 hours daily", "EV Level1 EVSE Num": null, "EV Level2 EVSE Num": 1.0, "EV DC Fast Count": null, "Latitude": 37.669944, "Longitude": -121.843448, "geoid_str_": "3 (Tract 4507.42, Alameda, CA)", "total": 1.0 }, "geometry": { "type": "Point", "coordinates": [ -121.843448, 37.669944 ] } },
{ "type": "Feature", "properties": { "ID": 178742, "Access Days Time": "24 hours daily", "EV Level1 EVSE Num": null, "EV Level2 EVSE Num": 1.0, "EV DC Fast Count": null, "Latitude": 37.670002, "Longitude": -121.843518, "geoid_str_": "3 (Tract 4507.42, Alameda, CA)", "total": 1.0 }, "geometry": { "type": "Point", "coordinates": [ -121.843518, 37.670002 ] } },
{ "type": "Feature", "properties": { "ID": 178825, "Access Days Time": "24 hours daily", "EV Level1 EVSE Num": null, "EV Level2 EVSE Num": 2.0, "EV DC Fast Count": null, "Latitude": 37.548267, "Longitude": -121.981575, "geoid_str_": "4 (Tract 4419.23, Alameda, CA)", "total": 2.0 }, "geometry": { "type": "Point", "coordinates": [ -121.981575, 37.548267 ] } },
{ "type": "Feature", "properties": { "ID": 179070, "Access Days Time": "24 hours daily", "EV Level1 EVSE Num": null, "EV Level2 EVSE Num": 2.0, "EV DC Fast Count": null, "Latitude": 37.697474, "Longitude": -122.089363, "geoid_str_": "3 (Tract 4309, Alameda, CA)", "total": 2.0 }, "geometry": { "type": "Point", "coordinates": [ -122.089363, 37.697474 ] } },
{ "type": "Feature", "properties": { "ID": 179071, "Access Days Time": "24 hours daily", "EV Level1 EVSE Num": null, "EV Level2 EVSE Num": 1.0, "EV DC Fast Count": null, "Latitude": 37.698136, "Longitude": -122.088842, "geoid_str_": "3 (Tract 4309, Alameda, CA)", "total": 1.0 }, "geometry": { "type": "Point", "coordinates": [ -122.088842, 37.698136 ] } },
{ "type": "Feature", "properties": { "ID": 179072, "Access Days Time": "24 hours daily", "EV Level1 EVSE Num": null, "EV Level2 EVSE Num": 1.0, "EV DC Fast Count": null, "Latitude": 37.699123, "Longitude": -122.088813, "geoid_str_": "3 (Tract 4309, Alameda, CA)", "total": 1.0 }, "geometry": { "type": "Point", "coordinates": [ -122.088813, 37.699123 ] } },
{ "type": "Feature", "properties": { "ID": 179143, "Access Days Time": "24 hours daily", "EV Level1 EVSE Num": null, "EV Level2 EVSE Num": 2.0, "EV DC Fast Count": null, "Latitude": 37.842989, "Longitude": -122.296292, "geoid_str_": "3 (Tract 4251.02, Alameda, CA)", "total": 2.0 }, "geometry": { "type": "Point", "coordinates": [ -122.296292, 37.842989 ] } },
{ "type": "Feature", "properties": { "ID": 179210, "Access Days Time": "24 hours daily", "EV Level1 EVSE Num": null, "EV Level2 EVSE Num": 2.0, "EV DC Fast Count": null, "Latitude": 37.705626, "Longitude": -121.852553, "geoid_str_": "1 (Tract 4507.50, Alameda, CA)", "total": 2.0 }, "geometry": { "type": "Point", "coordinates": [ -121.852553, 37.705626 ] } },
{ "type": "Feature", "properties": { "ID": 179307, "Access Days Time": "24 hours daily", "EV Level1 EVSE Num": null, "EV Level2 EVSE Num": 1.0, "EV DC Fast Count": null, "Latitude": 37.655317, "Longitude": -121.897418, "geoid_str_": "1 (Tract 4506.07, Alameda, CA)", "total": 1.0 }, "geometry": { "type": "Point", "coordinates": [ -121.897418, 37.655317 ] } },
{ "type": "Feature", "properties": { "ID": 179309, "Access Days Time": "24 hours daily", "EV Level1 EVSE Num": null, "EV Level2 EVSE Num": 1.0, "EV DC Fast Count": null, "Latitude": 37.655321, "Longitude": -121.897435, "geoid_str_": "1 (Tract 4506.07, Alameda, CA)", "total": 1.0 }, "geometry": { "type": "Point", "coordinates": [ -121.897435, 37.655321 ] } },
{ "type": "Feature", "properties": { "ID": 179310, "Access Days Time": "24 hours daily", "EV Level1 EVSE Num": null, "EV Level2 EVSE Num": 1.0, "EV DC Fast Count": null, "Latitude": 37.655305, "Longitude": -121.897416, "geoid_str_": "1 (Tract 4506.07, Alameda, CA)", "total": 1.0 }, "geometry": { "type": "Point", "coordinates": [ -121.897416, 37.655305 ] } },
{ "type": "Feature", "properties": { "ID": 179317, "Access Days Time": "24 hours daily", "EV Level1 EVSE Num": null, "EV Level2 EVSE Num": 2.0, "EV DC Fast Count": null, "Latitude": 37.522416, "Longitude": -121.996405, "geoid_str_": "1 (Tract 4446.02, Alameda, CA)", "total": 2.0 }, "geometry": { "type": "Point", "coordinates": [ -121.996405, 37.522416 ] } },
{ "type": "Feature", "properties": { "ID": 179472, "Access Days Time": "24 hours daily", "EV Level1 EVSE Num": null, "EV Level2 EVSE Num": 2.0, "EV DC Fast Count": null, "Latitude": 37.725318, "Longitude": -122.155552, "geoid_str_": "2 (Tract 4326.02, Alameda, CA)", "total": 2.0 }, "geometry": { "type": "Point", "coordinates": [ -122.155552, 37.725318 ] } },
{ "type": "Feature", "properties": { "ID": 179506, "Access Days Time": "24 hours daily", "EV Level1 EVSE Num": null, "EV Level2 EVSE Num": 1.0, "EV DC Fast Count": null, "Latitude": 37.505841, "Longitude": -121.960684, "geoid_str_": "2 (Tract 4415.03, Alameda, CA)", "total": 1.0 }, "geometry": { "type": "Point", "coordinates": [ -121.960684, 37.505841 ] } },
{ "type": "Feature", "properties": { "ID": 179507, "Access Days Time": "24 hours daily", "EV Level1 EVSE Num": null, "EV Level2 EVSE Num": 1.0, "EV DC Fast Count": null, "Latitude": 37.505885, "Longitude": -121.960737, "geoid_str_": "2 (Tract 4415.03, Alameda, CA)", "total": 1.0 }, "geometry": { "type": "Point", "coordinates": [ -121.960737, 37.505885 ] } },
{ "type": "Feature", "properties": { "ID": 181622, "Access Days Time": "24 hours daily", "EV Level1 EVSE Num": null, "EV Level2 EVSE Num": 2.0, "EV DC Fast Count": null, "Latitude": 37.62598, "Longitude": -122.123244, "geoid_str_": "1 (Tract 4371.01, Alameda, CA)", "total": 2.0 }, "geometry": { "type": "Point", "coordinates": [ -122.123244, 37.62598 ] } },
{ "type": "Feature", "properties": { "ID": 181623, "Access Days Time": "24 hours daily", "EV Level1 EVSE Num": null, "EV Level2 EVSE Num": 2.0, "EV DC Fast Count": null, "Latitude": 37.626082, "Longitude": -122.123416, "geoid_str_": "1 (Tract 4371.01, Alameda, CA)", "total": 2.0 }, "geometry": { "type": "Point", "coordinates": [ -122.123416, 37.626082 ] } },
{ "type": "Feature", "properties": { "ID": 181624, "Access Days Time": "24 hours daily", "EV Level1 EVSE Num": null, "EV Level2 EVSE Num": 2.0, "EV DC Fast Count": null, "Latitude": 37.626192, "Longitude": -122.123416, "geoid_str_": "1 (Tract 4371.01, Alameda, CA)", "total": 2.0 }, "geometry": { "type": "Point", "coordinates": [ -122.123416, 37.626192 ] } },
{ "type": "Feature", "properties": { "ID": 181625, "Access Days Time": "24 hours daily", "EV Level1 EVSE Num": null, "EV Level2 EVSE Num": 2.0, "EV DC Fast Count": null, "Latitude": 37.625947, "Longitude": -122.12309, "geoid_str_": "1 (Tract 4371.01, Alameda, CA)", "total": 2.0 }, "geometry": { "type": "Point", "coordinates": [ -122.12309, 37.625947 ] } },
{ "type": "Feature", "properties": { "ID": 182121, "Access Days Time": "24 hours daily", "EV Level1 EVSE Num": null, "EV Level2 EVSE Num": 2.0, "EV DC Fast Count": null, "Latitude": 37.802264, "Longitude": -122.275988, "geoid_str_": "1 (Tract 4031, Alameda, CA)", "total": 2.0 }, "geometry": { "type": "Point", "coordinates": [ -122.275988, 37.802264 ] } },
{ "type": "Feature", "properties": { "ID": 182122, "Access Days Time": "24 hours daily", "EV Level1 EVSE Num": null, "EV Level2 EVSE Num": 2.0, "EV DC Fast Count": null, "Latitude": 37.802378, "Longitude": -122.27586, "geoid_str_": "1 (Tract 4031, Alameda, CA)", "total": 2.0 }, "geometry": { "type": "Point", "coordinates": [ -122.27586, 37.802378 ] } },
{ "type": "Feature", "properties": { "ID": 182123, "Access Days Time": "24 hours daily", "EV Level1 EVSE Num": null, "EV Level2 EVSE Num": 2.0, "EV DC Fast Count": null, "Latitude": 37.802297, "Longitude": -122.275784, "geoid_str_": "1 (Tract 4031, Alameda, CA)", "total": 2.0 }, "geometry": { "type": "Point", "coordinates": [ -122.275784, 37.802297 ] } },
{ "type": "Feature", "properties": { "ID": 182124, "Access Days Time": "24 hours daily", "EV Level1 EVSE Num": null, "EV Level2 EVSE Num": 2.0, "EV DC Fast Count": null, "Latitude": 37.802259, "Longitude": -122.27578, "geoid_str_": "1 (Tract 4031, Alameda, CA)", "total": 2.0 }, "geometry": { "type": "Point", "coordinates": [ -122.27578, 37.802259 ] } },
{ "type": "Feature", "properties": { "ID": 182125, "Access Days Time": "24 hours daily", "EV Level1 EVSE Num": null, "EV Level2 EVSE Num": 2.0, "EV DC Fast Count": null, "Latitude": 37.802177, "Longitude": -122.275848, "geoid_str_": "1 (Tract 4031, Alameda, CA)", "total": 2.0 }, "geometry": { "type": "Point", "coordinates": [ -122.275848, 37.802177 ] } },
{ "type": "Feature", "properties": { "ID": 182126, "Access Days Time": "24 hours daily", "EV Level1 EVSE Num": null, "EV Level2 EVSE Num": 2.0, "EV DC Fast Count": null, "Latitude": 37.802314, "Longitude": -122.275736, "geoid_str_": "1 (Tract 4031, Alameda, CA)", "total": 2.0 }, "geometry": { "type": "Point", "coordinates": [ -122.275736, 37.802314 ] } },
{ "type": "Feature", "properties": { "ID": 182127, "Access Days Time": "24 hours daily", "EV Level1 EVSE Num": null, "EV Level2 EVSE Num": 2.0, "EV DC Fast Count": null, "Latitude": 37.802323, "Longitude": -122.275749, "geoid_str_": "1 (Tract 4031, Alameda, CA)", "total": 2.0 }, "geometry": { "type": "Point", "coordinates": [ -122.275749, 37.802323 ] } },
{ "type": "Feature", "properties": { "ID": 182128, "Access Days Time": "24 hours daily", "EV Level1 EVSE Num": null, "EV Level2 EVSE Num": 1.0, "EV DC Fast Count": null, "Latitude": 37.802438, "Longitude": -122.275719, "geoid_str_": "1 (Tract 4031, Alameda, CA)", "total": 1.0 }, "geometry": { "type": "Point", "coordinates": [ -122.275719, 37.802438 ] } },
{ "type": "Feature", "properties": { "ID": 182129, "Access Days Time": "24 hours daily", "EV Level1 EVSE Num": null, "EV Level2 EVSE Num": 1.0, "EV DC Fast Count": null, "Latitude": 37.802674, "Longitude": -122.276378, "geoid_str_": "1 (Tract 4031, Alameda, CA)", "total": 1.0 }, "geometry": { "type": "Point", "coordinates": [ -122.276378, 37.802674 ] } },
{ "type": "Feature", "properties": { "ID": 182130, "Access Days Time": "24 hours daily", "EV Level1 EVSE Num": null, "EV Level2 EVSE Num": 2.0, "EV DC Fast Count": null, "Latitude": 37.802628, "Longitude": -122.276404, "geoid_str_": "1 (Tract 4031, Alameda, CA)", "total": 2.0 }, "geometry": { "type": "Point", "coordinates": [ -122.276404, 37.802628 ] } },
{ "type": "Feature", "properties": { "ID": 182131, "Access Days Time": "24 hours daily", "EV Level1 EVSE Num": null, "EV Level2 EVSE Num": 2.0, "EV DC Fast Count": null, "Latitude": 37.802357, "Longitude": -122.275741, "geoid_str_": "1 (Tract 4031, Alameda, CA)", "total": 2.0 }, "geometry": { "type": "Point", "coordinates": [ -122.275741, 37.802357 ] } },
{ "type": "Feature", "properties": { "ID": 182132, "Access Days Time": "24 hours daily", "EV Level1 EVSE Num": null, "EV Level2 EVSE Num": 2.0, "EV DC Fast Count": null, "Latitude": 37.802237, "Longitude": -122.276164, "geoid_str_": "1 (Tract 4031, Alameda, CA)", "total": 2.0 }, "geometry": { "type": "Point", "coordinates": [ -122.276164, 37.802237 ] } },
{ "type": "Feature", "properties": { "ID": 182133, "Access Days Time": "24 hours daily", "EV Level1 EVSE Num": null, "EV Level2 EVSE Num": 2.0, "EV DC Fast Count": null, "Latitude": 37.802331, "Longitude": -122.276489, "geoid_str_": "1 (Tract 4031, Alameda, CA)", "total": 2.0 }, "geometry": { "type": "Point", "coordinates": [ -122.276489, 37.802331 ] } },
{ "type": "Feature", "properties": { "ID": 182945, "Access Days Time": "24 hours daily", "EV Level1 EVSE Num": null, "EV Level2 EVSE Num": 2.0, "EV DC Fast Count": null, "Latitude": 37.695543, "Longitude": -121.923311, "geoid_str_": "1 (Tract 4506.09, Alameda, CA)", "total": 2.0 }, "geometry": { "type": "Point", "coordinates": [ -121.923311, 37.695543 ] } },
{ "type": "Feature", "properties": { "ID": 182946, "Access Days Time": "24 hours daily", "EV Level1 EVSE Num": null, "EV Level2 EVSE Num": 2.0, "EV DC Fast Count": null, "Latitude": 37.695427, "Longitude": -121.923253, "geoid_str_": "1 (Tract 4506.09, Alameda, CA)", "total": 2.0 }, "geometry": { "type": "Point", "coordinates": [ -121.923253, 37.695427 ] } },
{ "type": "Feature", "properties": { "ID": 182947, "Access Days Time": "24 hours daily", "EV Level1 EVSE Num": null, "EV Level2 EVSE Num": 2.0, "EV DC Fast Count": null, "Latitude": 37.695404, "Longitude": -121.923234, "geoid_str_": "1 (Tract 4506.09, Alameda, CA)", "total": 2.0 }, "geometry": { "type": "Point", "coordinates": [ -121.923234, 37.695404 ] } },
{ "type": "Feature", "properties": { "ID": 182948, "Access Days Time": "24 hours daily", "EV Level1 EVSE Num": null, "EV Level2 EVSE Num": 2.0, "EV DC Fast Count": null, "Latitude": 37.695403, "Longitude": -121.923246, "geoid_str_": "1 (Tract 4506.09, Alameda, CA)", "total": 2.0 }, "geometry": { "type": "Point", "coordinates": [ -121.923246, 37.695403 ] } },
{ "type": "Feature", "properties": { "ID": 182949, "Access Days Time": "24 hours daily", "EV Level1 EVSE Num": null, "EV Level2 EVSE Num": 2.0, "EV DC Fast Count": null, "Latitude": 37.695365, "Longitude": -121.923221, "geoid_str_": "1 (Tract 4506.09, Alameda, CA)", "total": 2.0 }, "geometry": { "type": "Point", "coordinates": [ -121.923221, 37.695365 ] } },
{ "type": "Feature", "properties": { "ID": 182950, "Access Days Time": "24 hours daily", "EV Level1 EVSE Num": null, "EV Level2 EVSE Num": 1.0, "EV DC Fast Count": null, "Latitude": 37.695609, "Longitude": -121.923313, "geoid_str_": "1 (Tract 4506.09, Alameda, CA)", "total": 1.0 }, "geometry": { "type": "Point", "coordinates": [ -121.923313, 37.695609 ] } },
{ "type": "Feature", "properties": { "ID": 182951, "Access Days Time": "24 hours daily", "EV Level1 EVSE Num": null, "EV Level2 EVSE Num": 1.0, "EV DC Fast Count": null, "Latitude": 37.695569, "Longitude": -121.9233, "geoid_str_": "1 (Tract 4506.09, Alameda, CA)", "total": 1.0 }, "geometry": { "type": "Point", "coordinates": [ -121.9233, 37.695569 ] } },
{ "type": "Feature", "properties": { "ID": 182952, "Access Days Time": "24 hours daily", "EV Level1 EVSE Num": null, "EV Level2 EVSE Num": 1.0, "EV DC Fast Count": null, "Latitude": 37.695533, "Longitude": -121.923282, "geoid_str_": "1 (Tract 4506.09, Alameda, CA)", "total": 1.0 }, "geometry": { "type": "Point", "coordinates": [ -121.923282, 37.695533 ] } },
{ "type": "Feature", "properties": { "ID": 182953, "Access Days Time": "24 hours daily", "EV Level1 EVSE Num": null, "EV Level2 EVSE Num": 2.0, "EV DC Fast Count": null, "Latitude": 37.695547, "Longitude": -121.923791, "geoid_str_": "1 (Tract 4506.09, Alameda, CA)", "total": 2.0 }, "geometry": { "type": "Point", "coordinates": [ -121.923791, 37.695547 ] } },
{ "type": "Feature", "properties": { "ID": 182954, "Access Days Time": "24 hours daily", "EV Level1 EVSE Num": null, "EV Level2 EVSE Num": 2.0, "EV DC Fast Count": null, "Latitude": 37.695453, "Longitude": -121.923241, "geoid_str_": "1 (Tract 4506.09, Alameda, CA)", "total": 2.0 }, "geometry": { "type": "Point", "coordinates": [ -121.923241, 37.695453 ] } },
{ "type": "Feature", "properties": { "ID": 182955, "Access Days Time": "24 hours daily", "EV Level1 EVSE Num": null, "EV Level2 EVSE Num": 2.0, "EV DC Fast Count": null, "Latitude": 37.695408, "Longitude": -121.923226, "geoid_str_": "1 (Tract 4506.09, Alameda, CA)", "total": 2.0 }, "geometry": { "type": "Point", "coordinates": [ -121.923226, 37.695408 ] } },
{ "type": "Feature", "properties": { "ID": 183463, "Access Days Time": "24 hours daily", "EV Level1 EVSE Num": null, "EV Level2 EVSE Num": 2.0, "EV DC Fast Count": null, "Latitude": 37.87612, "Longitude": -122.29525, "geoid_str_": "1 (Tract 4221, Alameda, CA)", "total": 2.0 }, "geometry": { "type": "Point", "coordinates": [ -122.29525, 37.87612 ] } },
{ "type": "Feature", "properties": { "ID": 186808, "Access Days Time": "24 hours daily", "EV Level1 EVSE Num": null, "EV Level2 EVSE Num": 2.0, "EV DC Fast Count": null, "Latitude": 37.806087, "Longitude": -122.267307, "geoid_str_": "1 (Tract 4029, Alameda, CA)", "total": 2.0 }, "geometry": { "type": "Point", "coordinates": [ -122.267307, 37.806087 ] } },
{ "type": "Feature", "properties": { "ID": 186809, "Access Days Time": "24 hours daily", "EV Level1 EVSE Num": null, "EV Level2 EVSE Num": 2.0, "EV DC Fast Count": null, "Latitude": 37.806121, "Longitude": -122.267317, "geoid_str_": "1 (Tract 4029, Alameda, CA)", "total": 2.0 }, "geometry": { "type": "Point", "coordinates": [ -122.267317, 37.806121 ] } },
{ "type": "Feature", "properties": { "ID": 186810, "Access Days Time": "24 hours daily", "EV Level1 EVSE Num": null, "EV Level2 EVSE Num": 2.0, "EV DC Fast Count": null, "Latitude": 37.806095, "Longitude": -122.26735, "geoid_str_": "1 (Tract 4029, Alameda, CA)", "total": 2.0 }, "geometry": { "type": "Point", "coordinates": [ -122.26735, 37.806095 ] } },
{ "type": "Feature", "properties": { "ID": 186811, "Access Days Time": "24 hours daily", "EV Level1 EVSE Num": null, "EV Level2 EVSE Num": 2.0, "EV DC Fast Count": null, "Latitude": 37.806087, "Longitude": -122.267285, "geoid_str_": "1 (Tract 4029, Alameda, CA)", "total": 2.0 }, "geometry": { "type": "Point", "coordinates": [ -122.267285, 37.806087 ] } },
{ "type": "Feature", "properties": { "ID": 186814, "Access Days Time": "24 hours daily", "EV Level1 EVSE Num": null, "EV Level2 EVSE Num": 2.0, "EV DC Fast Count": null, "Latitude": 37.806089, "Longitude": -122.267293, "geoid_str_": "1 (Tract 4029, Alameda, CA)", "total": 2.0 }, "geometry": { "type": "Point", "coordinates": [ -122.267293, 37.806089 ] } },
{ "type": "Feature", "properties": { "ID": 187908, "Access Days Time": "24 hours daily", "EV Level1 EVSE Num": null, "EV Level2 EVSE Num": null, "EV DC Fast Count": 4.0, "Latitude": 37.51923, "Longitude": -121.99236, "geoid_str_": "1 (Tract 4446.02, Alameda, CA)", "total": 4.0 }, "geometry": { "type": "Point", "coordinates": [ -121.99236, 37.51923 ] } },
{ "type": "Feature", "properties": { "ID": 189283, "Access Days Time": "24 hours daily", "EV Level1 EVSE Num": null, "EV Level2 EVSE Num": 2.0, "EV DC Fast Count": null, "Latitude": 37.874052, "Longitude": -122.27309, "geoid_str_": "2 (Tract 4224, Alameda, CA)", "total": 2.0 }, "geometry": { "type": "Point", "coordinates": [ -122.27309, 37.874052 ] } },
{ "type": "Feature", "properties": { "ID": 190886, "Access Days Time": "24 hours daily", "EV Level1 EVSE Num": null, "EV Level2 EVSE Num": 2.0, "EV DC Fast Count": null, "Latitude": 37.765052, "Longitude": -122.24362, "geoid_str_": "1 (Tract 4280, Alameda, CA)", "total": 2.0 }, "geometry": { "type": "Point", "coordinates": [ -122.24362, 37.765052 ] } },
{ "type": "Feature", "properties": { "ID": 192570, "Access Days Time": "24 hours daily", "EV Level1 EVSE Num": null, "EV Level2 EVSE Num": null, "EV DC Fast Count": 4.0, "Latitude": 37.64532, "Longitude": -122.06329, "geoid_str_": "2 (Tract 4379, Alameda, CA)", "total": 4.0 }, "geometry": { "type": "Point", "coordinates": [ -122.06329, 37.64532 ] } },
{ "type": "Feature", "properties": { "ID": 193057, "Access Days Time": "24 hours daily", "EV Level1 EVSE Num": null, "EV Level2 EVSE Num": 1.0, "EV DC Fast Count": null, "Latitude": 37.505717, "Longitude": -121.944663, "geoid_str_": "2 (Tract 4415.25, Alameda, CA)", "total": 1.0 }, "geometry": { "type": "Point", "coordinates": [ -121.944663, 37.505717 ] } },
{ "type": "Feature", "properties": { "ID": 194093, "Access Days Time": "24 hours daily", "EV Level1 EVSE Num": null, "EV Level2 EVSE Num": 2.0, "EV DC Fast Count": null, "Latitude": 37.65589, "Longitude": -122.057752, "geoid_str_": "2 (Tract 4365, Alameda, CA)", "total": 2.0 }, "geometry": { "type": "Point", "coordinates": [ -122.057752, 37.65589 ] } },
{ "type": "Feature", "properties": { "ID": 194891, "Access Days Time": "24 hours daily", "EV Level1 EVSE Num": null, "EV Level2 EVSE Num": 4.0, "EV DC Fast Count": null, "Latitude": 37.6336778, "Longitude": -122.0885484, "geoid_str_": "1 (Tract 4373, Alameda, CA)", "total": 4.0 }, "geometry": { "type": "Point", "coordinates": [ -122.0885484, 37.6336778 ] } },
{ "type": "Feature", "properties": { "ID": 195358, "Access Days Time": "24 hours daily", "EV Level1 EVSE Num": null, "EV Level2 EVSE Num": 2.0, "EV DC Fast Count": null, "Latitude": 37.6880079, "Longitude": -121.887412, "geoid_str_": "4 (Tract 4507.43, Alameda, CA)", "total": 2.0 }, "geometry": { "type": "Point", "coordinates": [ -121.887412, 37.6880079 ] } },
{ "type": "Feature", "properties": { "ID": 196235, "Access Days Time": "24 hours daily", "EV Level1 EVSE Num": null, "EV Level2 EVSE Num": 2.0, "EV DC Fast Count": null, "Latitude": 37.866473, "Longitude": -122.268936, "geoid_str_": "2 (Tract 4229.01, Alameda, CA)", "total": 2.0 }, "geometry": { "type": "Point", "coordinates": [ -122.268936, 37.866473 ] } },
{ "type": "Feature", "properties": { "ID": 196527, "Access Days Time": "Mon: 6:00am-11:59pm; Tue: 6:00am-11:59pm; Wed: 6:00am-11:59pm; Thu: 6:00am-11:59pm; Fri: 6:00am-11:59pm; Sat: 6:00am-11:59pm; Sun: 6:00am-11:59pm", "EV Level1 EVSE Num": null, "EV Level2 EVSE Num": 2.0, "EV DC Fast Count": null, "Latitude": 37.65089, "Longitude": -122.104786, "geoid_str_": "3 (Tract 4370, Alameda, CA)", "total": 2.0 }, "geometry": { "type": "Point", "coordinates": [ -122.104786, 37.65089 ] } },
{ "type": "Feature", "properties": { "ID": 196528, "Access Days Time": "Mon: 6:00am-11:59pm; Tue: 6:00am-11:59pm; Wed: 6:00am-11:59pm; Thu: 6:00am-11:59pm; Fri: 6:00am-11:59pm; Sat: 6:00am-11:59pm; Sun: 6:00am-11:59pm", "EV Level1 EVSE Num": null, "EV Level2 EVSE Num": 2.0, "EV DC Fast Count": null, "Latitude": 37.6518, "Longitude": -122.102012, "geoid_str_": "3 (Tract 4370, Alameda, CA)", "total": 2.0 }, "geometry": { "type": "Point", "coordinates": [ -122.102012, 37.6518 ] } },
{ "type": "Feature", "properties": { "ID": 196529, "Access Days Time": "Mon: 6:00am-11:59pm; Tue: 6:00am-11:59pm; Wed: 6:00am-11:59pm; Thu: 6:00am-11:59pm; Fri: 6:00am-11:59pm; Sat: 6:00am-11:59pm; Sun: 6:00am-11:59pm", "EV Level1 EVSE Num": null, "EV Level2 EVSE Num": 2.0, "EV DC Fast Count": null, "Latitude": 37.650164, "Longitude": -122.102332, "geoid_str_": "3 (Tract 4370, Alameda, CA)", "total": 2.0 }, "geometry": { "type": "Point", "coordinates": [ -122.102332, 37.650164 ] } },
{ "type": "Feature", "properties": { "ID": 197056, "Access Days Time": "24 hours daily", "EV Level1 EVSE Num": null, "EV Level2 EVSE Num": 9.0, "EV DC Fast Count": null, "Latitude": 37.8028027, "Longitude": -122.272921, "geoid_str_": "1 (Tract 4031, Alameda, CA)", "total": 9.0 }, "geometry": { "type": "Point", "coordinates": [ -122.272921, 37.8028027 ] } },
{ "type": "Feature", "properties": { "ID": 197167, "Access Days Time": "24 hours daily", "EV Level1 EVSE Num": null, "EV Level2 EVSE Num": 2.0, "EV DC Fast Count": null, "Latitude": 37.821515, "Longitude": -122.264137, "geoid_str_": "1 (Tract 4013, Alameda, CA)", "total": 2.0 }, "geometry": { "type": "Point", "coordinates": [ -122.264137, 37.821515 ] } },
{ "type": "Feature", "properties": { "ID": 197168, "Access Days Time": "24 hours daily", "EV Level1 EVSE Num": null, "EV Level2 EVSE Num": 2.0, "EV DC Fast Count": null, "Latitude": 37.82146, "Longitude": -122.264133, "geoid_str_": "1 (Tract 4013, Alameda, CA)", "total": 2.0 }, "geometry": { "type": "Point", "coordinates": [ -122.264133, 37.82146 ] } },
{ "type": "Feature", "properties": { "ID": 197169, "Access Days Time": "24 hours daily", "EV Level1 EVSE Num": null, "EV Level2 EVSE Num": 2.0, "EV DC Fast Count": null, "Latitude": 37.821428, "Longitude": -122.264027, "geoid_str_": "1 (Tract 4013, Alameda, CA)", "total": 2.0 }, "geometry": { "type": "Point", "coordinates": [ -122.264027, 37.821428 ] } },
{ "type": "Feature", "properties": { "ID": 197171, "Access Days Time": "24 hours daily", "EV Level1 EVSE Num": null, "EV Level2 EVSE Num": 1.0, "EV DC Fast Count": null, "Latitude": 37.856103, "Longitude": -122.258595, "geoid_str_": "2 (Tract 4239.02, Alameda, CA)", "total": 1.0 }, "geometry": { "type": "Point", "coordinates": [ -122.258595, 37.856103 ] } },
{ "type": "Feature", "properties": { "ID": 197172, "Access Days Time": "24 hours daily", "EV Level1 EVSE Num": null, "EV Level2 EVSE Num": 2.0, "EV DC Fast Count": null, "Latitude": 37.855858, "Longitude": -122.258484, "geoid_str_": "2 (Tract 4239.02, Alameda, CA)", "total": 2.0 }, "geometry": { "type": "Point", "coordinates": [ -122.258484, 37.855858 ] } },
{ "type": "Feature", "properties": { "ID": 197173, "Access Days Time": "24 hours daily", "EV Level1 EVSE Num": null, "EV Level2 EVSE Num": 2.0, "EV DC Fast Count": null, "Latitude": 37.855967, "Longitude": -122.258515, "geoid_str_": "2 (Tract 4239.02, Alameda, CA)", "total": 2.0 }, "geometry": { "type": "Point", "coordinates": [ -122.258515, 37.855967 ] } },
{ "type": "Feature", "properties": { "ID": 197174, "Access Days Time": "24 hours daily", "EV Level1 EVSE Num": null, "EV Level2 EVSE Num": 2.0, "EV DC Fast Count": null, "Latitude": 37.855787, "Longitude": -122.25847, "geoid_str_": "2 (Tract 4239.02, Alameda, CA)", "total": 2.0 }, "geometry": { "type": "Point", "coordinates": [ -122.25847, 37.855787 ] } },
{ "type": "Feature", "properties": { "ID": 197175, "Access Days Time": "24 hours daily", "EV Level1 EVSE Num": null, "EV Level2 EVSE Num": 1.0, "EV DC Fast Count": null, "Latitude": 37.856127, "Longitude": -122.258563, "geoid_str_": "2 (Tract 4239.02, Alameda, CA)", "total": 1.0 }, "geometry": { "type": "Point", "coordinates": [ -122.258563, 37.856127 ] } },
{ "type": "Feature", "properties": { "ID": 197176, "Access Days Time": "24 hours daily", "EV Level1 EVSE Num": null, "EV Level2 EVSE Num": 1.0, "EV DC Fast Count": null, "Latitude": 37.863948, "Longitude": -122.266962, "geoid_str_": "1 (Tract 4235, Alameda, CA)", "total": 1.0 }, "geometry": { "type": "Point", "coordinates": [ -122.266962, 37.863948 ] } },
{ "type": "Feature", "properties": { "ID": 197177, "Access Days Time": "24 hours daily", "EV Level1 EVSE Num": null, "EV Level2 EVSE Num": 1.0, "EV DC Fast Count": null, "Latitude": 37.863944, "Longitude": -122.266957, "geoid_str_": "1 (Tract 4235, Alameda, CA)", "total": 1.0 }, "geometry": { "type": "Point", "coordinates": [ -122.266957, 37.863944 ] } },
{ "type": "Feature", "properties": { "ID": 197178, "Access Days Time": "24 hours daily", "EV Level1 EVSE Num": null, "EV Level2 EVSE Num": 2.0, "EV DC Fast Count": null, "Latitude": 37.863934, "Longitude": -122.266728, "geoid_str_": "1 (Tract 4235, Alameda, CA)", "total": 2.0 }, "geometry": { "type": "Point", "coordinates": [ -122.266728, 37.863934 ] } },
{ "type": "Feature", "properties": { "ID": 197179, "Access Days Time": "24 hours daily", "EV Level1 EVSE Num": null, "EV Level2 EVSE Num": 2.0, "EV DC Fast Count": null, "Latitude": 37.863443, "Longitude": -122.267247, "geoid_str_": "1 (Tract 4235, Alameda, CA)", "total": 2.0 }, "geometry": { "type": "Point", "coordinates": [ -122.267247, 37.863443 ] } },
{ "type": "Feature", "properties": { "ID": 197180, "Access Days Time": "24 hours daily", "EV Level1 EVSE Num": null, "EV Level2 EVSE Num": 2.0, "EV DC Fast Count": null, "Latitude": 37.863952, "Longitude": -122.266855, "geoid_str_": "1 (Tract 4235, Alameda, CA)", "total": 2.0 }, "geometry": { "type": "Point", "coordinates": [ -122.266855, 37.863952 ] } },
{ "type": "Feature", "properties": { "ID": 197181, "Access Days Time": "24 hours daily", "EV Level1 EVSE Num": null, "EV Level2 EVSE Num": 2.0, "EV DC Fast Count": null, "Latitude": 37.863956, "Longitude": -122.2669, "geoid_str_": "1 (Tract 4235, Alameda, CA)", "total": 2.0 }, "geometry": { "type": "Point", "coordinates": [ -122.2669, 37.863956 ] } },
{ "type": "Feature", "properties": { "ID": 197182, "Access Days Time": "24 hours daily", "EV Level1 EVSE Num": null, "EV Level2 EVSE Num": 1.0, "EV DC Fast Count": null, "Latitude": 37.863951, "Longitude": -122.266929, "geoid_str_": "1 (Tract 4235, Alameda, CA)", "total": 1.0 }, "geometry": { "type": "Point", "coordinates": [ -122.266929, 37.863951 ] } },
{ "type": "Feature", "properties": { "ID": 197183, "Access Days Time": "24 hours daily", "EV Level1 EVSE Num": null, "EV Level2 EVSE Num": 2.0, "EV DC Fast Count": null, "Latitude": 37.856045, "Longitude": -122.25856, "geoid_str_": "2 (Tract 4239.02, Alameda, CA)", "total": 2.0 }, "geometry": { "type": "Point", "coordinates": [ -122.25856, 37.856045 ] } },
{ "type": "Feature", "properties": { "ID": 197444, "Access Days Time": "24 hours daily", "EV Level1 EVSE Num": null, "EV Level2 EVSE Num": 1.0, "EV DC Fast Count": null, "Latitude": 37.699359868450003, "Longitude": -121.765115159381, "geoid_str_": "2 (Tract 4514.01, Alameda, CA)", "total": 1.0 }, "geometry": { "type": "Point", "coordinates": [ -121.765115159380997, 37.699359868450003 ] } },
{ "type": "Feature", "properties": { "ID": 197835, "Access Days Time": "24 hours daily", "EV Level1 EVSE Num": null, "EV Level2 EVSE Num": 2.0, "EV DC Fast Count": null, "Latitude": 37.876105, "Longitude": -122.295227, "geoid_str_": "1 (Tract 4221, Alameda, CA)", "total": 2.0 }, "geometry": { "type": "Point", "coordinates": [ -122.295227, 37.876105 ] } },
{ "type": "Feature", "properties": { "ID": 197961, "Access Days Time": "24 hours daily", "EV Level1 EVSE Num": null, "EV Level2 EVSE Num": 1.0, "EV DC Fast Count": null, "Latitude": 37.812782, "Longitude": -122.26795, "geoid_str_": "3 (Tract 4013, Alameda, CA)", "total": 1.0 }, "geometry": { "type": "Point", "coordinates": [ -122.26795, 37.812782 ] } },
{ "type": "Feature", "properties": { "ID": 199169, "Access Days Time": "24 hours daily", "EV Level1 EVSE Num": null, "EV Level2 EVSE Num": 1.0, "EV DC Fast Count": null, "Latitude": 37.812626, "Longitude": -122.26786, "geoid_str_": "3 (Tract 4013, Alameda, CA)", "total": 1.0 }, "geometry": { "type": "Point", "coordinates": [ -122.26786, 37.812626 ] } },
{ "type": "Feature", "properties": { "ID": 200568, "Access Days Time": "24 hours daily", "EV Level1 EVSE Num": null, "EV Level2 EVSE Num": 2.0, "EV DC Fast Count": null, "Latitude": 37.860998, "Longitude": -122.267515, "geoid_str_": "1 (Tract 4235, Alameda, CA)", "total": 2.0 }, "geometry": { "type": "Point", "coordinates": [ -122.267515, 37.860998 ] } },
{ "type": "Feature", "properties": { "ID": 200569, "Access Days Time": "24 hours daily", "EV Level1 EVSE Num": null, "EV Level2 EVSE Num": 2.0, "EV DC Fast Count": null, "Latitude": 37.861065, "Longitude": -122.267517, "geoid_str_": "1 (Tract 4235, Alameda, CA)", "total": 2.0 }, "geometry": { "type": "Point", "coordinates": [ -122.267517, 37.861065 ] } },
{ "type": "Feature", "properties": { "ID": 200644, "Access Days Time": "24 hours daily", "EV Level1 EVSE Num": null, "EV Level2 EVSE Num": 2.0, "EV DC Fast Count": null, "Latitude": 37.63228, "Longitude": -122.050535, "geoid_str_": "4 (Tract 4351.04, Alameda, CA)", "total": 2.0 }, "geometry": { "type": "Point", "coordinates": [ -122.050535, 37.63228 ] } },
{ "type": "Feature", "properties": { "ID": 200645, "Access Days Time": "24 hours daily", "EV Level1 EVSE Num": null, "EV Level2 EVSE Num": 2.0, "EV DC Fast Count": null, "Latitude": 37.632609, "Longitude": -122.050932, "geoid_str_": "4 (Tract 4351.04, Alameda, CA)", "total": 2.0 }, "geometry": { "type": "Point", "coordinates": [ -122.050932, 37.632609 ] } },
{ "type": "Feature", "properties": { "ID": 201110, "Access Days Time": "24 hours daily", "EV Level1 EVSE Num": null, "EV Level2 EVSE Num": 1.0, "EV DC Fast Count": null, "Latitude": 37.50554, "Longitude": -121.942, "geoid_str_": "2 (Tract 4415.25, Alameda, CA)", "total": 1.0 }, "geometry": { "type": "Point", "coordinates": [ -121.942, 37.50554 ] } },
{ "type": "Feature", "properties": { "ID": 201111, "Access Days Time": "24 hours daily", "EV Level1 EVSE Num": null, "EV Level2 EVSE Num": 1.0, "EV DC Fast Count": null, "Latitude": 37.505306, "Longitude": -121.9416, "geoid_str_": "2 (Tract 4415.25, Alameda, CA)", "total": 1.0 }, "geometry": { "type": "Point", "coordinates": [ -121.9416, 37.505306 ] } },
{ "type": "Feature", "properties": { "ID": 201112, "Access Days Time": "24 hours daily", "EV Level1 EVSE Num": null, "EV Level2 EVSE Num": 1.0, "EV DC Fast Count": null, "Latitude": 37.505456, "Longitude": -121.941927, "geoid_str_": "2 (Tract 4415.25, Alameda, CA)", "total": 1.0 }, "geometry": { "type": "Point", "coordinates": [ -121.941927, 37.505456 ] } },
{ "type": "Feature", "properties": { "ID": 201184, "Access Days Time": "Mon: 7:00am-9:30pm; Tue: 7:00am-9:30pm; Wed: 7:00am-9:30pm; Thu: 7:00am-9:30pm; Fri: 7:00am-9:30pm; Sat: 8:00am-9:30pm; Sun: 11:00am-9:00pm", "EV Level1 EVSE Num": null, "EV Level2 EVSE Num": null, "EV DC Fast Count": 1.0, "Latitude": 37.4992, "Longitude": -121.975999, "geoid_str_": "2 (Tract 4415.03, Alameda, CA)", "total": 1.0 }, "geometry": { "type": "Point", "coordinates": [ -121.975999, 37.4992 ] } },
{ "type": "Feature", "properties": { "ID": 201307, "Access Days Time": "24 hours daily. Please check Tesla's online station map to see if an adapter is required at this location.", "EV Level1 EVSE Num": null, "EV Level2 EVSE Num": null, "EV DC Fast Count": 10.0, "Latitude": 37.702058, "Longitude": -121.852932, "geoid_str_": "1 (Tract 4507.50, Alameda, CA)", "total": 10.0 }, "geometry": { "type": "Point", "coordinates": [ -121.852932, 37.702058 ] } },
{ "type": "Feature", "properties": { "ID": 201323, "Access Days Time": "Mon: 6:00am-11:59pm; Tue: 6:00am-11:59pm; Wed: 6:00am-11:59pm; Thu: 6:00am-11:59pm; Fri: 6:00am-11:59pm; Sat: 6:00am-11:59pm; Sun: 6:00am-11:59pm", "EV Level1 EVSE Num": null, "EV Level2 EVSE Num": 2.0, "EV DC Fast Count": null, "Latitude": 37.525857, "Longitude": -122.001928, "geoid_str_": "1 (Tract 4446.02, Alameda, CA)", "total": 2.0 }, "geometry": { "type": "Point", "coordinates": [ -122.001928, 37.525857 ] } },
{ "type": "Feature", "properties": { "ID": 201324, "Access Days Time": "Mon: 6:00am-11:59pm; Tue: 6:00am-11:59pm; Wed: 6:00am-11:59pm; Thu: 6:00am-11:59pm; Fri: 6:00am-11:59pm; Sat: 6:00am-11:59pm; Sun: 6:00am-11:59pm", "EV Level1 EVSE Num": null, "EV Level2 EVSE Num": 3.0, "EV DC Fast Count": null, "Latitude": 37.526193, "Longitude": -122.002983, "geoid_str_": "1 (Tract 4446.02, Alameda, CA)", "total": 3.0 }, "geometry": { "type": "Point", "coordinates": [ -122.002983, 37.526193 ] } },
{ "type": "Feature", "properties": { "ID": 201469, "Access Days Time": "24 hours daily", "EV Level1 EVSE Num": null, "EV Level2 EVSE Num": null, "EV DC Fast Count": 3.0, "Latitude": 37.66102, "Longitude": -121.781, "geoid_str_": "3 (Tract 4517.04, Alameda, CA)", "total": 3.0 }, "geometry": { "type": "Point", "coordinates": [ -121.781, 37.66102 ] } },
{ "type": "Feature", "properties": { "ID": 201529, "Access Days Time": "24 hours daily", "EV Level1 EVSE Num": null, "EV Level2 EVSE Num": null, "EV DC Fast Count": 1.0, "Latitude": 37.54798, "Longitude": -122.05426, "geoid_str_": "3 (Tract 4442, Alameda, CA)", "total": 1.0 }, "geometry": { "type": "Point", "coordinates": [ -122.05426, 37.54798 ] } },
{ "type": "Feature", "properties": { "ID": 202223, "Access Days Time": "24 hours daily", "EV Level1 EVSE Num": null, "EV Level2 EVSE Num": 1.0, "EV DC Fast Count": null, "Latitude": 37.485085, "Longitude": -121.927223, "geoid_str_": "1 (Tract 4415.03, Alameda, CA)", "total": 1.0 }, "geometry": { "type": "Point", "coordinates": [ -121.927223, 37.485085 ] } },
{ "type": "Feature", "properties": { "ID": 202227, "Access Days Time": "24 hours daily", "EV Level1 EVSE Num": null, "EV Level2 EVSE Num": 1.0, "EV DC Fast Count": null, "Latitude": 37.485154, "Longitude": -121.927386, "geoid_str_": "1 (Tract 4415.03, Alameda, CA)", "total": 1.0 }, "geometry": { "type": "Point", "coordinates": [ -121.927386, 37.485154 ] } },
{ "type": "Feature", "properties": { "ID": 202228, "Access Days Time": "24 hours daily", "EV Level1 EVSE Num": null, "EV Level2 EVSE Num": 1.0, "EV DC Fast Count": null, "Latitude": 37.485382, "Longitude": -121.927282, "geoid_str_": "1 (Tract 4415.03, Alameda, CA)", "total": 1.0 }, "geometry": { "type": "Point", "coordinates": [ -121.927282, 37.485382 ] } },
{ "type": "Feature", "properties": { "ID": 202229, "Access Days Time": "24 hours daily", "EV Level1 EVSE Num": null, "EV Level2 EVSE Num": 2.0, "EV DC Fast Count": null, "Latitude": 37.4852, "Longitude": -121.927309, "geoid_str_": "1 (Tract 4415.03, Alameda, CA)", "total": 2.0 }, "geometry": { "type": "Point", "coordinates": [ -121.927309, 37.4852 ] } },
{ "type": "Feature", "properties": { "ID": 202230, "Access Days Time": "24 hours daily", "EV Level1 EVSE Num": null, "EV Level2 EVSE Num": 2.0, "EV DC Fast Count": null, "Latitude": 37.485098, "Longitude": -121.927235, "geoid_str_": "1 (Tract 4415.03, Alameda, CA)", "total": 2.0 }, "geometry": { "type": "Point", "coordinates": [ -121.927235, 37.485098 ] } },
{ "type": "Feature", "properties": { "ID": 202231, "Access Days Time": "24 hours daily", "EV Level1 EVSE Num": null, "EV Level2 EVSE Num": 2.0, "EV DC Fast Count": null, "Latitude": 37.485235, "Longitude": -121.927325, "geoid_str_": "1 (Tract 4415.03, Alameda, CA)", "total": 2.0 }, "geometry": { "type": "Point", "coordinates": [ -121.927325, 37.485235 ] } },
{ "type": "Feature", "properties": { "ID": 202232, "Access Days Time": "Mon: 6:00am-10:00pm; Tue: 6:00am-10:00pm; Wed: 6:00am-10:00pm; Thu: 6:00am-10:00pm; Fri: 6:00am-10:00pm; Sat: 6:00am-8:00pm; Sun: 6:00am-8:00pm", "EV Level1 EVSE Num": null, "EV Level2 EVSE Num": 2.0, "EV DC Fast Count": null, "Latitude": 37.485215, "Longitude": -121.927299, "geoid_str_": "1 (Tract 4415.03, Alameda, CA)", "total": 2.0 }, "geometry": { "type": "Point", "coordinates": [ -121.927299, 37.485215 ] } },
{ "type": "Feature", "properties": { "ID": 202399, "Access Days Time": "24 hours daily", "EV Level1 EVSE Num": null, "EV Level2 EVSE Num": 2.0, "EV DC Fast Count": null, "Latitude": 37.50327, "Longitude": -121.938811, "geoid_str_": "1 (Tract 4415.25, Alameda, CA)", "total": 2.0 }, "geometry": { "type": "Point", "coordinates": [ -121.938811, 37.50327 ] } },
{ "type": "Feature", "properties": { "ID": 203084, "Access Days Time": "24 hours daily", "EV Level1 EVSE Num": null, "EV Level2 EVSE Num": 2.0, "EV DC Fast Count": null, "Latitude": 37.695736, "Longitude": -121.821163, "geoid_str_": "3 (Tract 4513, Alameda, CA)", "total": 2.0 }, "geometry": { "type": "Point", "coordinates": [ -121.821163, 37.695736 ] } },
{ "type": "Feature", "properties": { "ID": 203085, "Access Days Time": "24 hours daily", "EV Level1 EVSE Num": null, "EV Level2 EVSE Num": 2.0, "EV DC Fast Count": null, "Latitude": 37.69583, "Longitude": -121.821163, "geoid_str_": "3 (Tract 4513, Alameda, CA)", "total": 2.0 }, "geometry": { "type": "Point", "coordinates": [ -121.821163, 37.69583 ] } },
{ "type": "Feature", "properties": { "ID": 204655, "Access Days Time": "24 hours daily", "EV Level1 EVSE Num": null, "EV Level2 EVSE Num": 2.0, "EV DC Fast Count": null, "Latitude": 37.535415, "Longitude": -122.02924, "geoid_str_": "3 (Tract 4445, Alameda, CA)", "total": 2.0 }, "geometry": { "type": "Point", "coordinates": [ -122.02924, 37.535415 ] } },
{ "type": "Feature", "properties": { "ID": 204656, "Access Days Time": "24 hours daily", "EV Level1 EVSE Num": null, "EV Level2 EVSE Num": 2.0, "EV DC Fast Count": null, "Latitude": 37.535416, "Longitude": -122.029266, "geoid_str_": "3 (Tract 4445, Alameda, CA)", "total": 2.0 }, "geometry": { "type": "Point", "coordinates": [ -122.029266, 37.535416 ] } },
{ "type": "Feature", "properties": { "ID": 204657, "Access Days Time": "24 hours daily", "EV Level1 EVSE Num": null, "EV Level2 EVSE Num": 2.0, "EV DC Fast Count": null, "Latitude": 37.535416, "Longitude": -122.029256, "geoid_str_": "3 (Tract 4445, Alameda, CA)", "total": 2.0 }, "geometry": { "type": "Point", "coordinates": [ -122.029256, 37.535416 ] } },
{ "type": "Feature", "properties": { "ID": 204658, "Access Days Time": "24 hours daily", "EV Level1 EVSE Num": null, "EV Level2 EVSE Num": 2.0, "EV DC Fast Count": null, "Latitude": 37.535404, "Longitude": -122.02925, "geoid_str_": "3 (Tract 4445, Alameda, CA)", "total": 2.0 }, "geometry": { "type": "Point", "coordinates": [ -122.02925, 37.535404 ] } },
{ "type": "Feature", "properties": { "ID": 204659, "Access Days Time": "24 hours daily", "EV Level1 EVSE Num": null, "EV Level2 EVSE Num": 1.0, "EV DC Fast Count": null, "Latitude": 37.535404, "Longitude": -122.029237, "geoid_str_": "3 (Tract 4445, Alameda, CA)", "total": 1.0 }, "geometry": { "type": "Point", "coordinates": [ -122.029237, 37.535404 ] } },
{ "type": "Feature", "properties": { "ID": 204763, "Access Days Time": "24 hours daily", "EV Level1 EVSE Num": null, "EV Level2 EVSE Num": 2.0, "EV DC Fast Count": null, "Latitude": 37.540585, "Longitude": -122.077357, "geoid_str_": "4 (Tract 4415.03, Alameda, CA)", "total": 2.0 }, "geometry": { "type": "Point", "coordinates": [ -122.077357, 37.540585 ] } },
{ "type": "Feature", "properties": { "ID": 204764, "Access Days Time": "24 hours daily", "EV Level1 EVSE Num": null, "EV Level2 EVSE Num": 2.0, "EV DC Fast Count": null, "Latitude": 37.537684, "Longitude": -122.073972, "geoid_str_": "4 (Tract 4415.03, Alameda, CA)", "total": 2.0 }, "geometry": { "type": "Point", "coordinates": [ -122.073972, 37.537684 ] } },
{ "type": "Feature", "properties": { "ID": 204765, "Access Days Time": "24 hours daily", "EV Level1 EVSE Num": null, "EV Level2 EVSE Num": 2.0, "EV DC Fast Count": null, "Latitude": 37.537662, "Longitude": -122.073913, "geoid_str_": "4 (Tract 4415.03, Alameda, CA)", "total": 2.0 }, "geometry": { "type": "Point", "coordinates": [ -122.073913, 37.537662 ] } },
{ "type": "Feature", "properties": { "ID": 205385, "Access Days Time": "24 hours daily", "EV Level1 EVSE Num": null, "EV Level2 EVSE Num": 2.0, "EV DC Fast Count": null, "Latitude": 37.864414, "Longitude": -122.305478, "geoid_str_": "1 (Tract 4220, Alameda, CA)", "total": 2.0 }, "geometry": { "type": "Point", "coordinates": [ -122.305478, 37.864414 ] } },
{ "type": "Feature", "properties": { "ID": 206104, "Access Days Time": "24 hours daily", "EV Level1 EVSE Num": null, "EV Level2 EVSE Num": 2.0, "EV DC Fast Count": null, "Latitude": 37.550255, "Longitude": -121.98354, "geoid_str_": "4 (Tract 4419.23, Alameda, CA)", "total": 2.0 }, "geometry": { "type": "Point", "coordinates": [ -121.98354, 37.550255 ] } },
{ "type": "Feature", "properties": { "ID": 206105, "Access Days Time": "24 hours daily", "EV Level1 EVSE Num": null, "EV Level2 EVSE Num": 2.0, "EV DC Fast Count": null, "Latitude": 37.55021, "Longitude": -121.98358, "geoid_str_": "4 (Tract 4419.23, Alameda, CA)", "total": 2.0 }, "geometry": { "type": "Point", "coordinates": [ -121.98358, 37.55021 ] } },
{ "type": "Feature", "properties": { "ID": 206107, "Access Days Time": "24 hours daily", "EV Level1 EVSE Num": null, "EV Level2 EVSE Num": 2.0, "EV DC Fast Count": null, "Latitude": 37.550163, "Longitude": -121.983635, "geoid_str_": "4 (Tract 4419.23, Alameda, CA)", "total": 2.0 }, "geometry": { "type": "Point", "coordinates": [ -121.983635, 37.550163 ] } },
{ "type": "Feature", "properties": { "ID": 206135, "Access Days Time": "24 hours daily", "EV Level1 EVSE Num": null, "EV Level2 EVSE Num": 2.0, "EV DC Fast Count": null, "Latitude": 37.827289, "Longitude": -122.209039, "geoid_str_": "4 (Tract 4045.02, Alameda, CA)", "total": 2.0 }, "geometry": { "type": "Point", "coordinates": [ -122.209039, 37.827289 ] } },
{ "type": "Feature", "properties": { "ID": 206151, "Access Days Time": "24 hours daily", "EV Level1 EVSE Num": null, "EV Level2 EVSE Num": 2.0, "EV DC Fast Count": null, "Latitude": 37.542559, "Longitude": -122.039004, "geoid_str_": "1 (Tract 4442, Alameda, CA)", "total": 2.0 }, "geometry": { "type": "Point", "coordinates": [ -122.039004, 37.542559 ] } },
{ "type": "Feature", "properties": { "ID": 206153, "Access Days Time": "24 hours daily", "EV Level1 EVSE Num": null, "EV Level2 EVSE Num": 2.0, "EV DC Fast Count": null, "Latitude": 37.52066, "Longitude": -122.001061, "geoid_str_": "2 (Tract 4446.02, Alameda, CA)", "total": 2.0 }, "geometry": { "type": "Point", "coordinates": [ -122.001061, 37.52066 ] } },
{ "type": "Feature", "properties": { "ID": 206369, "Access Days Time": "24 hours daily", "EV Level1 EVSE Num": null, "EV Level2 EVSE Num": 2.0, "EV DC Fast Count": null, "Latitude": 37.542105, "Longitude": -122.039027, "geoid_str_": "1 (Tract 4442, Alameda, CA)", "total": 2.0 }, "geometry": { "type": "Point", "coordinates": [ -122.039027, 37.542105 ] } },
{ "type": "Feature", "properties": { "ID": 206373, "Access Days Time": "24 hours daily", "EV Level1 EVSE Num": null, "EV Level2 EVSE Num": 2.0, "EV DC Fast Count": null, "Latitude": 37.520728, "Longitude": -122.000932, "geoid_str_": "2 (Tract 4446.02, Alameda, CA)", "total": 2.0 }, "geometry": { "type": "Point", "coordinates": [ -122.000932, 37.520728 ] } },
{ "type": "Feature", "properties": { "ID": 206434, "Access Days Time": "24 hours daily", "EV Level1 EVSE Num": null, "EV Level2 EVSE Num": 2.0, "EV DC Fast Count": null, "Latitude": 37.70032, "Longitude": -121.901184, "geoid_str_": "2 (Tract 4507.43, Alameda, CA)", "total": 2.0 }, "geometry": { "type": "Point", "coordinates": [ -121.901184, 37.70032 ] } },
{ "type": "Feature", "properties": { "ID": 206612, "Access Days Time": "24 hours daily. Please check Tesla's online station map to see if an adapter is required at this location.", "EV Level1 EVSE Num": null, "EV Level2 EVSE Num": null, "EV DC Fast Count": 12.0, "Latitude": 37.587162, "Longitude": -122.02045, "geoid_str_": "2 (Tract 4403.38, Alameda, CA)", "total": 12.0 }, "geometry": { "type": "Point", "coordinates": [ -122.02045, 37.587162 ] } },
{ "type": "Feature", "properties": { "ID": 206937, "Access Days Time": "24 hours daily", "EV Level1 EVSE Num": null, "EV Level2 EVSE Num": 1.0, "EV DC Fast Count": null, "Latitude": 37.505418, "Longitude": -121.941897, "geoid_str_": "2 (Tract 4415.25, Alameda, CA)", "total": 1.0 }, "geometry": { "type": "Point", "coordinates": [ -121.941897, 37.505418 ] } },
{ "type": "Feature", "properties": { "ID": 207342, "Access Days Time": "24 hours daily", "EV Level1 EVSE Num": null, "EV Level2 EVSE Num": 2.0, "EV DC Fast Count": null, "Latitude": 37.496769, "Longitude": -121.972622, "geoid_str_": "2 (Tract 4415.03, Alameda, CA)", "total": 2.0 }, "geometry": { "type": "Point", "coordinates": [ -121.972622, 37.496769 ] } },
{ "type": "Feature", "properties": { "ID": 207878, "Access Days Time": "24 hours daily", "EV Level1 EVSE Num": null, "EV Level2 EVSE Num": 2.0, "EV DC Fast Count": null, "Latitude": 37.49475, "Longitude": -121.974286, "geoid_str_": "2 (Tract 4415.03, Alameda, CA)", "total": 2.0 }, "geometry": { "type": "Point", "coordinates": [ -121.974286, 37.49475 ] } },
{ "type": "Feature", "properties": { "ID": 212024, "Access Days Time": "24 hours daily", "EV Level1 EVSE Num": null, "EV Level2 EVSE Num": 2.0, "EV DC Fast Count": null, "Latitude": 37.71081, "Longitude": -121.89402, "geoid_str_": "1 (Tract 4501.02, Alameda, CA)", "total": 2.0 }, "geometry": { "type": "Point", "coordinates": [ -121.89402, 37.71081 ] } },
{ "type": "Feature", "properties": { "ID": 212094, "Access Days Time": "24 hours daily", "EV Level1 EVSE Num": null, "EV Level2 EVSE Num": 2.0, "EV DC Fast Count": null, "Latitude": 37.505424, "Longitude": -121.941895, "geoid_str_": "2 (Tract 4415.25, Alameda, CA)", "total": 2.0 }, "geometry": { "type": "Point", "coordinates": [ -121.941895, 37.505424 ] } },
{ "type": "Feature", "properties": { "ID": 212095, "Access Days Time": "24 hours daily", "EV Level1 EVSE Num": null, "EV Level2 EVSE Num": 1.0, "EV DC Fast Count": null, "Latitude": 37.505344, "Longitude": -121.941864, "geoid_str_": "2 (Tract 4415.25, Alameda, CA)", "total": 1.0 }, "geometry": { "type": "Point", "coordinates": [ -121.941864, 37.505344 ] } },
{ "type": "Feature", "properties": { "ID": 212293, "Access Days Time": "Mon: 8:00am-10:00pm; Tue: 8:00am-10:00pm; Wed: 8:00am-10:00pm; Thu: 8:00am-10:00pm; Fri: 8:00am-10:00pm; Sat: 8:00am-10:00pm; Sun: 8:00am-10:00pm", "EV Level1 EVSE Num": null, "EV Level2 EVSE Num": 1.0, "EV DC Fast Count": null, "Latitude": 37.700823, "Longitude": -121.765635, "geoid_str_": "2 (Tract 4514.01, Alameda, CA)", "total": 1.0 }, "geometry": { "type": "Point", "coordinates": [ -121.765635, 37.700823 ] } },
{ "type": "Feature", "properties": { "ID": 212955, "Access Days Time": "24 hours daily", "EV Level1 EVSE Num": null, "EV Level2 EVSE Num": 2.0, "EV DC Fast Count": null, "Latitude": 37.495492, "Longitude": -121.973285, "geoid_str_": "2 (Tract 4415.03, Alameda, CA)", "total": 2.0 }, "geometry": { "type": "Point", "coordinates": [ -121.973285, 37.495492 ] } },
{ "type": "Feature", "properties": { "ID": 212956, "Access Days Time": "24 hours daily", "EV Level1 EVSE Num": null, "EV Level2 EVSE Num": 2.0, "EV DC Fast Count": null, "Latitude": 37.495426, "Longitude": -121.973378, "geoid_str_": "2 (Tract 4415.03, Alameda, CA)", "total": 2.0 }, "geometry": { "type": "Point", "coordinates": [ -121.973378, 37.495426 ] } },
{ "type": "Feature", "properties": { "ID": 212957, "Access Days Time": "24 hours daily", "EV Level1 EVSE Num": null, "EV Level2 EVSE Num": 2.0, "EV DC Fast Count": null, "Latitude": 37.495452, "Longitude": -121.973332, "geoid_str_": "2 (Tract 4415.03, Alameda, CA)", "total": 2.0 }, "geometry": { "type": "Point", "coordinates": [ -121.973332, 37.495452 ] } },
{ "type": "Feature", "properties": { "ID": 212958, "Access Days Time": "24 hours daily", "EV Level1 EVSE Num": null, "EV Level2 EVSE Num": 2.0, "EV DC Fast Count": null, "Latitude": 37.495399, "Longitude": -121.9734, "geoid_str_": "2 (Tract 4415.03, Alameda, CA)", "total": 2.0 }, "geometry": { "type": "Point", "coordinates": [ -121.9734, 37.495399 ] } },
{ "type": "Feature", "properties": { "ID": 212959, "Access Days Time": "24 hours daily", "EV Level1 EVSE Num": null, "EV Level2 EVSE Num": 2.0, "EV DC Fast Count": null, "Latitude": 37.495379, "Longitude": -121.973417, "geoid_str_": "2 (Tract 4415.03, Alameda, CA)", "total": 2.0 }, "geometry": { "type": "Point", "coordinates": [ -121.973417, 37.495379 ] } },
{ "type": "Feature", "properties": { "ID": 212960, "Access Days Time": "24 hours daily", "EV Level1 EVSE Num": null, "EV Level2 EVSE Num": 2.0, "EV DC Fast Count": null, "Latitude": 37.495359, "Longitude": -121.973442, "geoid_str_": "2 (Tract 4415.03, Alameda, CA)", "total": 2.0 }, "geometry": { "type": "Point", "coordinates": [ -121.973442, 37.495359 ] } },
{ "type": "Feature", "properties": { "ID": 212961, "Access Days Time": "24 hours daily", "EV Level1 EVSE Num": null, "EV Level2 EVSE Num": 2.0, "EV DC Fast Count": null, "Latitude": 37.49485, "Longitude": -121.974381, "geoid_str_": "2 (Tract 4415.03, Alameda, CA)", "total": 2.0 }, "geometry": { "type": "Point", "coordinates": [ -121.974381, 37.49485 ] } },
{ "type": "Feature", "properties": { "ID": 212962, "Access Days Time": "24 hours daily", "EV Level1 EVSE Num": null, "EV Level2 EVSE Num": 1.0, "EV DC Fast Count": null, "Latitude": 37.495329, "Longitude": -121.973484, "geoid_str_": "2 (Tract 4415.03, Alameda, CA)", "total": 1.0 }, "geometry": { "type": "Point", "coordinates": [ -121.973484, 37.495329 ] } },
{ "type": "Feature", "properties": { "ID": 213045, "Access Days Time": "24 hours daily", "EV Level1 EVSE Num": null, "EV Level2 EVSE Num": 1.0, "EV DC Fast Count": null, "Latitude": 37.540874, "Longitude": -122.076767, "geoid_str_": "4 (Tract 4415.03, Alameda, CA)", "total": 1.0 }, "geometry": { "type": "Point", "coordinates": [ -122.076767, 37.540874 ] } },
{ "type": "Feature", "properties": { "ID": 214360, "Access Days Time": "24 hours daily", "EV Level1 EVSE Num": null, "EV Level2 EVSE Num": null, "EV DC Fast Count": 4.0, "Latitude": 37.7011, "Longitude": -121.91819, "geoid_str_": "4 (Tract 4506.03, Alameda, CA)", "total": 4.0 }, "geometry": { "type": "Point", "coordinates": [ -121.91819, 37.7011 ] } },
{ "type": "Feature", "properties": { "ID": 215012, "Access Days Time": "24 hours daily", "EV Level1 EVSE Num": null, "EV Level2 EVSE Num": 1.0, "EV DC Fast Count": null, "Latitude": 37.861517, "Longitude": -122.267566, "geoid_str_": "1 (Tract 4235, Alameda, CA)", "total": 1.0 }, "geometry": { "type": "Point", "coordinates": [ -122.267566, 37.861517 ] } },
{ "type": "Feature", "properties": { "ID": 215013, "Access Days Time": "24 hours daily", "EV Level1 EVSE Num": null, "EV Level2 EVSE Num": 1.0, "EV DC Fast Count": null, "Latitude": 37.861532, "Longitude": -122.267613, "geoid_str_": "1 (Tract 4235, Alameda, CA)", "total": 1.0 }, "geometry": { "type": "Point", "coordinates": [ -122.267613, 37.861532 ] } },
{ "type": "Feature", "properties": { "ID": 216404, "Access Days Time": "24 hours daily", "EV Level1 EVSE Num": null, "EV Level2 EVSE Num": 1.0, "EV DC Fast Count": null, "Latitude": 37.659688, "Longitude": -122.073111, "geoid_str_": "2 (Tract 4365, Alameda, CA)", "total": 1.0 }, "geometry": { "type": "Point", "coordinates": [ -122.073111, 37.659688 ] } },
{ "type": "Feature", "properties": { "ID": 216405, "Access Days Time": "24 hours daily", "EV Level1 EVSE Num": null, "EV Level2 EVSE Num": 2.0, "EV DC Fast Count": null, "Latitude": 37.659455, "Longitude": -122.072951, "geoid_str_": "2 (Tract 4365, Alameda, CA)", "total": 2.0 }, "geometry": { "type": "Point", "coordinates": [ -122.072951, 37.659455 ] } },
{ "type": "Feature", "properties": { "ID": 216406, "Access Days Time": "24 hours daily", "EV Level1 EVSE Num": null, "EV Level2 EVSE Num": 2.0, "EV DC Fast Count": null, "Latitude": 37.65953, "Longitude": -122.072919, "geoid_str_": "2 (Tract 4365, Alameda, CA)", "total": 2.0 }, "geometry": { "type": "Point", "coordinates": [ -122.072919, 37.65953 ] } },
{ "type": "Feature", "properties": { "ID": 216407, "Access Days Time": "24 hours daily", "EV Level1 EVSE Num": null, "EV Level2 EVSE Num": 2.0, "EV DC Fast Count": null, "Latitude": 37.659699, "Longitude": -122.072919, "geoid_str_": "2 (Tract 4365, Alameda, CA)", "total": 2.0 }, "geometry": { "type": "Point", "coordinates": [ -122.072919, 37.659699 ] } },
{ "type": "Feature", "properties": { "ID": 216408, "Access Days Time": "24 hours daily", "EV Level1 EVSE Num": null, "EV Level2 EVSE Num": 2.0, "EV DC Fast Count": null, "Latitude": 37.659564, "Longitude": -122.072985, "geoid_str_": "2 (Tract 4365, Alameda, CA)", "total": 2.0 }, "geometry": { "type": "Point", "coordinates": [ -122.072985, 37.659564 ] } },
{ "type": "Feature", "properties": { "ID": 216487, "Access Days Time": "24 hours daily", "EV Level1 EVSE Num": null, "EV Level2 EVSE Num": 2.0, "EV DC Fast Count": null, "Latitude": 37.698153, "Longitude": -121.855265, "geoid_str_": "2 (Tract 4507.44, Alameda, CA)", "total": 2.0 }, "geometry": { "type": "Point", "coordinates": [ -121.855265, 37.698153 ] } },
{ "type": "Feature", "properties": { "ID": 217272, "Access Days Time": "24 hours daily", "EV Level1 EVSE Num": null, "EV Level2 EVSE Num": 2.0, "EV DC Fast Count": null, "Latitude": 37.698155, "Longitude": -121.855202, "geoid_str_": "2 (Tract 4507.44, Alameda, CA)", "total": 2.0 }, "geometry": { "type": "Point", "coordinates": [ -121.855202, 37.698155 ] } },
{ "type": "Feature", "properties": { "ID": 218181, "Access Days Time": "24 hours daily", "EV Level1 EVSE Num": null, "EV Level2 EVSE Num": 2.0, "EV DC Fast Count": null, "Latitude": 37.820594, "Longitude": -122.265025, "geoid_str_": "1 (Tract 4013, Alameda, CA)", "total": 2.0 }, "geometry": { "type": "Point", "coordinates": [ -122.265025, 37.820594 ] } },
{ "type": "Feature", "properties": { "ID": 218182, "Access Days Time": "24 hours daily", "EV Level1 EVSE Num": null, "EV Level2 EVSE Num": 2.0, "EV DC Fast Count": null, "Latitude": 37.820611, "Longitude": -122.26509, "geoid_str_": "1 (Tract 4013, Alameda, CA)", "total": 2.0 }, "geometry": { "type": "Point", "coordinates": [ -122.26509, 37.820611 ] } },
{ "type": "Feature", "properties": { "ID": 218183, "Access Days Time": "24 hours daily", "EV Level1 EVSE Num": null, "EV Level2 EVSE Num": 2.0, "EV DC Fast Count": null, "Latitude": 37.820585, "Longitude": -122.264982, "geoid_str_": "1 (Tract 4013, Alameda, CA)", "total": 2.0 }, "geometry": { "type": "Point", "coordinates": [ -122.264982, 37.820585 ] } },
{ "type": "Feature", "properties": { "ID": 218184, "Access Days Time": "24 hours daily", "EV Level1 EVSE Num": null, "EV Level2 EVSE Num": 2.0, "EV DC Fast Count": null, "Latitude": 37.820575, "Longitude": -122.265228, "geoid_str_": "1 (Tract 4013, Alameda, CA)", "total": 2.0 }, "geometry": { "type": "Point", "coordinates": [ -122.265228, 37.820575 ] } },
{ "type": "Feature", "properties": { "ID": 218185, "Access Days Time": "24 hours daily", "EV Level1 EVSE Num": null, "EV Level2 EVSE Num": 1.0, "EV DC Fast Count": null, "Latitude": 37.820583, "Longitude": -122.265336, "geoid_str_": "1 (Tract 4013, Alameda, CA)", "total": 1.0 }, "geometry": { "type": "Point", "coordinates": [ -122.265336, 37.820583 ] } },
{ "type": "Feature", "properties": { "ID": 218442, "Access Days Time": "24 hours daily", "EV Level1 EVSE Num": null, "EV Level2 EVSE Num": 2.0, "EV DC Fast Count": null, "Latitude": 37.820594, "Longitude": -122.264982, "geoid_str_": "1 (Tract 4013, Alameda, CA)", "total": 2.0 }, "geometry": { "type": "Point", "coordinates": [ -122.264982, 37.820594 ] } },
{ "type": "Feature", "properties": { "ID": 218481, "Access Days Time": "24 hours daily", "EV Level1 EVSE Num": null, "EV Level2 EVSE Num": 2.0, "EV DC Fast Count": null, "Latitude": 37.820585, "Longitude": -122.264939, "geoid_str_": "1 (Tract 4013, Alameda, CA)", "total": 2.0 }, "geometry": { "type": "Point", "coordinates": [ -122.264939, 37.820585 ] } },
{ "type": "Feature", "properties": { "ID": 219856, "Access Days Time": "24 hours daily", "EV Level1 EVSE Num": null, "EV Level2 EVSE Num": 2.0, "EV DC Fast Count": null, "Latitude": 37.820499, "Longitude": -122.265422, "geoid_str_": "1 (Tract 4013, Alameda, CA)", "total": 2.0 }, "geometry": { "type": "Point", "coordinates": [ -122.265422, 37.820499 ] } },
{ "type": "Feature", "properties": { "ID": 220218, "Access Days Time": "24 hours daily", "EV Level1 EVSE Num": null, "EV Level2 EVSE Num": 2.0, "EV DC Fast Count": null, "Latitude": 37.85118, "Longitude": -122.294971, "geoid_str_": "1 (Tract 4220, Alameda, CA)", "total": 2.0 }, "geometry": { "type": "Point", "coordinates": [ -122.294971, 37.85118 ] } },
{ "type": "Feature", "properties": { "ID": 220219, "Access Days Time": "24 hours daily", "EV Level1 EVSE Num": null, "EV Level2 EVSE Num": 2.0, "EV DC Fast Count": null, "Latitude": 37.851112, "Longitude": -122.294926, "geoid_str_": "1 (Tract 4220, Alameda, CA)", "total": 2.0 }, "geometry": { "type": "Point", "coordinates": [ -122.294926, 37.851112 ] } },
{ "type": "Feature", "properties": { "ID": 220322, "Access Days Time": "24 hours daily", "EV Level1 EVSE Num": null, "EV Level2 EVSE Num": 2.0, "EV DC Fast Count": null, "Latitude": 37.700686, "Longitude": -121.938214, "geoid_str_": "2 (Tract 4505.02, Alameda, CA)", "total": 2.0 }, "geometry": { "type": "Point", "coordinates": [ -121.938214, 37.700686 ] } },
{ "type": "Feature", "properties": { "ID": 220323, "Access Days Time": "24 hours daily", "EV Level1 EVSE Num": null, "EV Level2 EVSE Num": 2.0, "EV DC Fast Count": null, "Latitude": 37.70081, "Longitude": -121.938289, "geoid_str_": "2 (Tract 4505.02, Alameda, CA)", "total": 2.0 }, "geometry": { "type": "Point", "coordinates": [ -121.938289, 37.70081 ] } },
{ "type": "Feature", "properties": { "ID": 221229, "Access Days Time": "Mon: 12:00am-5:30am, 6:00pm-12:00am; Tue: 12:00am-5:30am, 6:00pm-12:00am; Wed: 12:00am-5:30am, 6:00pm-12:00am; Thu: 12:00am-5:30am, 6:00pm-12:00am; Fri: 12:00am-5:30am, 6:00pm-12:00am; Sat: 12:00am-5:30am, 6:00pm-12:00am; Sun: 12:00am-5:30am, 6:00pm-12:00am", "EV Level1 EVSE Num": null, "EV Level2 EVSE Num": 2.0, "EV DC Fast Count": null, "Latitude": 37.714553, "Longitude": -121.702236, "geoid_str_": "3 (Tract 4511.04, Alameda, CA)", "total": 2.0 }, "geometry": { "type": "Point", "coordinates": [ -121.702236, 37.714553 ] } },
{ "type": "Feature", "properties": { "ID": 221484, "Access Days Time": "24 hours daily", "EV Level1 EVSE Num": null, "EV Level2 EVSE Num": 2.0, "EV DC Fast Count": null, "Latitude": 37.820488, "Longitude": -122.265218, "geoid_str_": "1 (Tract 4013, Alameda, CA)", "total": 2.0 }, "geometry": { "type": "Point", "coordinates": [ -122.265218, 37.820488 ] } },
{ "type": "Feature", "properties": { "ID": 222204, "Access Days Time": "24 hours daily", "EV Level1 EVSE Num": null, "EV Level2 EVSE Num": 2.0, "EV DC Fast Count": null, "Latitude": 37.495559, "Longitude": -121.973213, "geoid_str_": "2 (Tract 4415.03, Alameda, CA)", "total": 2.0 }, "geometry": { "type": "Point", "coordinates": [ -121.973213, 37.495559 ] } },
{ "type": "Feature", "properties": { "ID": 222453, "Access Days Time": "24 hours daily", "EV Level1 EVSE Num": null, "EV Level2 EVSE Num": 2.0, "EV DC Fast Count": null, "Latitude": 37.804821, "Longitude": -122.27553, "geoid_str_": "1 (Tract 4031, Alameda, CA)", "total": 2.0 }, "geometry": { "type": "Point", "coordinates": [ -122.27553, 37.804821 ] } },
{ "type": "Feature", "properties": { "ID": 222454, "Access Days Time": "24 hours daily", "EV Level1 EVSE Num": null, "EV Level2 EVSE Num": 2.0, "EV DC Fast Count": null, "Latitude": 37.804813, "Longitude": -122.275541, "geoid_str_": "1 (Tract 4031, Alameda, CA)", "total": 2.0 }, "geometry": { "type": "Point", "coordinates": [ -122.275541, 37.804813 ] } },
{ "type": "Feature", "properties": { "ID": 222455, "Access Days Time": "24 hours daily", "EV Level1 EVSE Num": null, "EV Level2 EVSE Num": 2.0, "EV DC Fast Count": null, "Latitude": 37.804821, "Longitude": -122.275541, "geoid_str_": "1 (Tract 4031, Alameda, CA)", "total": 2.0 }, "geometry": { "type": "Point", "coordinates": [ -122.275541, 37.804821 ] } },
{ "type": "Feature", "properties": { "ID": 224491, "Access Days Time": "24 hours daily", "EV Level1 EVSE Num": null, "EV Level2 EVSE Num": 10.0, "EV DC Fast Count": null, "Latitude": 37.51167679, "Longitude": -121.9319916, "geoid_str_": "4 (Tract 4431.02, Alameda, CA)", "total": 10.0 }, "geometry": { "type": "Point", "coordinates": [ -121.9319916, 37.51167679 ] } },
{ "type": "Feature", "properties": { "ID": 224505, "Access Days Time": "24 hours daily", "EV Level1 EVSE Num": null, "EV Level2 EVSE Num": 2.0, "EV DC Fast Count": null, "Latitude": 37.523325, "Longitude": -122.002397, "geoid_str_": "1 (Tract 4446.02, Alameda, CA)", "total": 2.0 }, "geometry": { "type": "Point", "coordinates": [ -122.002397, 37.523325 ] } },
{ "type": "Feature", "properties": { "ID": 224602, "Access Days Time": "24 hours daily", "EV Level1 EVSE Num": null, "EV Level2 EVSE Num": 1.0, "EV DC Fast Count": null, "Latitude": 37.684292, "Longitude": -121.768747, "geoid_str_": "1 (Tract 4516.01, Alameda, CA)", "total": 1.0 }, "geometry": { "type": "Point", "coordinates": [ -121.768747, 37.684292 ] } },
{ "type": "Feature", "properties": { "ID": 224603, "Access Days Time": "24 hours daily", "EV Level1 EVSE Num": null, "EV Level2 EVSE Num": 2.0, "EV DC Fast Count": null, "Latitude": 37.684477, "Longitude": -121.768807, "geoid_str_": "1 (Tract 4516.01, Alameda, CA)", "total": 2.0 }, "geometry": { "type": "Point", "coordinates": [ -121.768807, 37.684477 ] } },
{ "type": "Feature", "properties": { "ID": 224604, "Access Days Time": "24 hours daily", "EV Level1 EVSE Num": null, "EV Level2 EVSE Num": 2.0, "EV DC Fast Count": null, "Latitude": 37.684402, "Longitude": -121.768811, "geoid_str_": "1 (Tract 4516.01, Alameda, CA)", "total": 2.0 }, "geometry": { "type": "Point", "coordinates": [ -121.768811, 37.684402 ] } },
{ "type": "Feature", "properties": { "ID": 224605, "Access Days Time": "24 hours daily", "EV Level1 EVSE Num": null, "EV Level2 EVSE Num": 2.0, "EV DC Fast Count": null, "Latitude": 37.684418, "Longitude": -121.768782, "geoid_str_": "1 (Tract 4516.01, Alameda, CA)", "total": 2.0 }, "geometry": { "type": "Point", "coordinates": [ -121.768782, 37.684418 ] } },
{ "type": "Feature", "properties": { "ID": 224607, "Access Days Time": "24 hours daily", "EV Level1 EVSE Num": null, "EV Level2 EVSE Num": 2.0, "EV DC Fast Count": null, "Latitude": 37.684441, "Longitude": -121.768774, "geoid_str_": "1 (Tract 4516.01, Alameda, CA)", "total": 2.0 }, "geometry": { "type": "Point", "coordinates": [ -121.768774, 37.684441 ] } },
{ "type": "Feature", "properties": { "ID": 224854, "Access Days Time": "24 hours daily", "EV Level1 EVSE Num": null, "EV Level2 EVSE Num": 2.0, "EV DC Fast Count": null, "Latitude": 37.755642, "Longitude": -122.195144, "geoid_str_": "2 (Tract 4088, Alameda, CA)", "total": 2.0 }, "geometry": { "type": "Point", "coordinates": [ -122.195144, 37.755642 ] } },
{ "type": "Feature", "properties": { "ID": 224869, "Access Days Time": "24 hours daily", "EV Level1 EVSE Num": null, "EV Level2 EVSE Num": 1.0, "EV DC Fast Count": null, "Latitude": 37.684279, "Longitude": -121.768782, "geoid_str_": "1 (Tract 4516.01, Alameda, CA)", "total": 1.0 }, "geometry": { "type": "Point", "coordinates": [ -121.768782, 37.684279 ] } },
{ "type": "Feature", "properties": { "ID": 227110, "Access Days Time": "24 hours daily", "EV Level1 EVSE Num": null, "EV Level2 EVSE Num": 10.0, "EV DC Fast Count": null, "Latitude": 37.655935, "Longitude": -121.880261, "geoid_str_": "3 (Tract 4506.07, Alameda, CA)", "total": 10.0 }, "geometry": { "type": "Point", "coordinates": [ -121.880261, 37.655935 ] } },
{ "type": "Feature", "properties": { "ID": 227936, "Access Days Time": "24 hours daily", "EV Level1 EVSE Num": null, "EV Level2 EVSE Num": null, "EV DC Fast Count": 2.0, "Latitude": 37.769112, "Longitude": -122.234205, "geoid_str_": "1 (Tract 4271, Alameda, CA)", "total": 2.0 }, "geometry": { "type": "Point", "coordinates": [ -122.234205, 37.769112 ] } },
{ "type": "Feature", "properties": { "ID": 228222, "Access Days Time": "24 hours daily", "EV Level1 EVSE Num": null, "EV Level2 EVSE Num": null, "EV DC Fast Count": 2.0, "Latitude": 37.840178, "Longitude": -122.293828, "geoid_str_": "3 (Tract 4251.02, Alameda, CA)", "total": 2.0 }, "geometry": { "type": "Point", "coordinates": [ -122.293828, 37.840178 ] } },
{ "type": "Feature", "properties": { "ID": 228228, "Access Days Time": "24 hours daily", "EV Level1 EVSE Num": null, "EV Level2 EVSE Num": 1.0, "EV DC Fast Count": 1.0, "Latitude": 37.697103, "Longitude": -121.876892, "geoid_str_": "1 (Tract 4507.44, Alameda, CA)", "total": 2.0 }, "geometry": { "type": "Point", "coordinates": [ -121.876892, 37.697103 ] } },
{ "type": "Feature", "properties": { "ID": 228230, "Access Days Time": "24 hours daily", "EV Level1 EVSE Num": null, "EV Level2 EVSE Num": null, "EV DC Fast Count": 2.0, "Latitude": 37.55488, "Longitude": -121.98448, "geoid_str_": "2 (Tract 4419.23, Alameda, CA)", "total": 2.0 }, "geometry": { "type": "Point", "coordinates": [ -121.98448, 37.55488 ] } },
{ "type": "Feature", "properties": { "ID": 228266, "Access Days Time": "24 hours daily", "EV Level1 EVSE Num": null, "EV Level2 EVSE Num": 1.0, "EV DC Fast Count": 2.0, "Latitude": 37.88061, "Longitude": -122.29729, "geoid_str_": "2 (Tract 4220, Alameda, CA)", "total": 3.0 }, "geometry": { "type": "Point", "coordinates": [ -122.29729, 37.88061 ] } },
{ "type": "Feature", "properties": { "ID": 228342, "Access Days Time": "24 hours daily", "EV Level1 EVSE Num": null, "EV Level2 EVSE Num": 2.0, "EV DC Fast Count": 2.0, "Latitude": 37.694576, "Longitude": -121.927308, "geoid_str_": "1 (Tract 4506.09, Alameda, CA)", "total": 4.0 }, "geometry": { "type": "Point", "coordinates": [ -121.927308, 37.694576 ] } },
{ "type": "Feature", "properties": { "ID": 228344, "Access Days Time": "24 hours daily", "EV Level1 EVSE Num": null, "EV Level2 EVSE Num": 1.0, "EV DC Fast Count": 2.0, "Latitude": 37.70536, "Longitude": -121.88962, "geoid_str_": "1 (Tract 4501.01, Alameda, CA)", "total": 3.0 }, "geometry": { "type": "Point", "coordinates": [ -121.88962, 37.70536 ] } },
{ "type": "Feature", "properties": { "ID": 228466, "Access Days Time": "24 hours daily", "EV Level1 EVSE Num": null, "EV Level2 EVSE Num": null, "EV DC Fast Count": 2.0, "Latitude": 37.69895, "Longitude": -121.84432, "geoid_str_": "3 (Tract 4513, Alameda, CA)", "total": 2.0 }, "geometry": { "type": "Point", "coordinates": [ -121.84432, 37.69895 ] } },
{ "type": "Feature", "properties": { "ID": 228471, "Access Days Time": "24 hours daily", "EV Level1 EVSE Num": null, "EV Level2 EVSE Num": 4.0, "EV DC Fast Count": 2.0, "Latitude": 37.696437, "Longitude": -121.850261, "geoid_str_": "2 (Tract 4507.44, Alameda, CA)", "total": 6.0 }, "geometry": { "type": "Point", "coordinates": [ -121.850261, 37.696437 ] } },
{ "type": "Feature", "properties": { "ID": 228551, "Access Days Time": "24 hours daily", "EV Level1 EVSE Num": null, "EV Level2 EVSE Num": null, "EV DC Fast Count": 5.0, "Latitude": 37.534191, "Longitude": -121.99707, "geoid_str_": "1 (Tract 4428, Alameda, CA)", "total": 5.0 }, "geometry": { "type": "Point", "coordinates": [ -121.99707, 37.534191 ] } },
{ "type": "Feature", "properties": { "ID": 228693, "Access Days Time": "24 hours daily", "EV Level1 EVSE Num": null, "EV Level2 EVSE Num": null, "EV DC Fast Count": 8.0, "Latitude": 37.7981773, "Longitude": -122.2769619, "geoid_str_": "1 (Tract 9832, Alameda, CA)", "total": 8.0 }, "geometry": { "type": "Point", "coordinates": [ -122.2769619, 37.7981773 ] } },
{ "type": "Feature", "properties": { "ID": 228720, "Access Days Time": "24 hours daily", "EV Level1 EVSE Num": null, "EV Level2 EVSE Num": null, "EV DC Fast Count": 4.0, "Latitude": 37.703138, "Longitude": -122.129266, "geoid_str_": "1 (Tract 4331.02, Alameda, CA)", "total": 4.0 }, "geometry": { "type": "Point", "coordinates": [ -122.129266, 37.703138 ] } },
{ "type": "Feature", "properties": { "ID": 228767, "Access Days Time": "24 hours daily", "EV Level1 EVSE Num": null, "EV Level2 EVSE Num": null, "EV DC Fast Count": 2.0, "Latitude": 37.596393, "Longitude": -122.080143, "geoid_str_": "2 (Tract 4403.31, Alameda, CA)", "total": 2.0 }, "geometry": { "type": "Point", "coordinates": [ -122.080143, 37.596393 ] } },
{ "type": "Feature", "properties": { "ID": 228815, "Access Days Time": "24 hours daily", "EV Level1 EVSE Num": null, "EV Level2 EVSE Num": null, "EV DC Fast Count": 4.0, "Latitude": 37.7096893, "Longitude": -122.1646629, "geoid_str_": "4 (Tract 4332, Alameda, CA)", "total": 4.0 }, "geometry": { "type": "Point", "coordinates": [ -122.1646629, 37.7096893 ] } },
{ "type": "Feature", "properties": { "ID": 228847, "Access Days Time": "Mon: 6:00am-10:00pm; Tue: 6:00am-10:00pm; Wed: 6:00am-10:00pm; Thu: 6:00am-10:00pm; Fri: 6:00am-10:00pm; Sat: 6:00am-8:00pm; Sun: 6:00am-8:00pm", "EV Level1 EVSE Num": null, "EV Level2 EVSE Num": 2.0, "EV DC Fast Count": null, "Latitude": 37.485317, "Longitude": -121.927444, "geoid_str_": "1 (Tract 4415.03, Alameda, CA)", "total": 2.0 }, "geometry": { "type": "Point", "coordinates": [ -121.927444, 37.485317 ] } },
{ "type": "Feature", "properties": { "ID": 228848, "Access Days Time": "24 hours daily", "EV Level1 EVSE Num": null, "EV Level2 EVSE Num": 2.0, "EV DC Fast Count": null, "Latitude": 37.485287, "Longitude": -121.927348, "geoid_str_": "1 (Tract 4415.03, Alameda, CA)", "total": 2.0 }, "geometry": { "type": "Point", "coordinates": [ -121.927348, 37.485287 ] } },
{ "type": "Feature", "properties": { "ID": 228849, "Access Days Time": "24 hours daily", "EV Level1 EVSE Num": null, "EV Level2 EVSE Num": 2.0, "EV DC Fast Count": null, "Latitude": 37.485167, "Longitude": -121.927378, "geoid_str_": "1 (Tract 4415.03, Alameda, CA)", "total": 2.0 }, "geometry": { "type": "Point", "coordinates": [ -121.927378, 37.485167 ] } },
{ "type": "Feature", "properties": { "ID": 228927, "Access Days Time": "24 hours daily", "EV Level1 EVSE Num": null, "EV Level2 EVSE Num": 1.0, "EV DC Fast Count": null, "Latitude": 37.820605, "Longitude": -122.265271, "geoid_str_": "1 (Tract 4013, Alameda, CA)", "total": 1.0 }, "geometry": { "type": "Point", "coordinates": [ -122.265271, 37.820605 ] } },
{ "type": "Feature", "properties": { "ID": 228928, "Access Days Time": "24 hours daily", "EV Level1 EVSE Num": null, "EV Level2 EVSE Num": 1.0, "EV DC Fast Count": null, "Latitude": 37.8205, "Longitude": -122.26542, "geoid_str_": "1 (Tract 4013, Alameda, CA)", "total": 1.0 }, "geometry": { "type": "Point", "coordinates": [ -122.26542, 37.8205 ] } },
{ "type": "Feature", "properties": { "ID": 228929, "Access Days Time": "24 hours daily", "EV Level1 EVSE Num": null, "EV Level2 EVSE Num": 2.0, "EV DC Fast Count": null, "Latitude": 37.820441, "Longitude": -122.265323, "geoid_str_": "1 (Tract 4013, Alameda, CA)", "total": 2.0 }, "geometry": { "type": "Point", "coordinates": [ -122.265323, 37.820441 ] } },
{ "type": "Feature", "properties": { "ID": 228930, "Access Days Time": "24 hours daily", "EV Level1 EVSE Num": null, "EV Level2 EVSE Num": 2.0, "EV DC Fast Count": null, "Latitude": 37.820386, "Longitude": -122.265444, "geoid_str_": "1 (Tract 4013, Alameda, CA)", "total": 2.0 }, "geometry": { "type": "Point", "coordinates": [ -122.265444, 37.820386 ] } },
{ "type": "Feature", "properties": { "ID": 229089, "Access Days Time": "24 hours daily. Please check Tesla's online station map to see if an adapter is required at this location.", "EV Level1 EVSE Num": null, "EV Level2 EVSE Num": null, "EV DC Fast Count": 12.0, "Latitude": 37.709866, "Longitude": -122.164662, "geoid_str_": "4 (Tract 4332, Alameda, CA)", "total": 12.0 }, "geometry": { "type": "Point", "coordinates": [ -122.164662, 37.709866 ] } },
{ "type": "Feature", "properties": { "ID": 229555, "Access Days Time": "Contact station for hours of availability.", "EV Level1 EVSE Num": null, "EV Level2 EVSE Num": 1.0, "EV DC Fast Count": null, "Latitude": 37.816651, "Longitude": -122.262942, "geoid_str_": "4 (Tract 4035.01, Alameda, CA)", "total": 1.0 }, "geometry": { "type": "Point", "coordinates": [ -122.262942, 37.816651 ] } },
{ "type": "Feature", "properties": { "ID": 230812, "Access Days Time": "24 hours daily", "EV Level1 EVSE Num": null, "EV Level2 EVSE Num": 14.0, "EV DC Fast Count": null, "Latitude": 37.6567, "Longitude": -122.093539, "geoid_str_": "1 (Tract 4368, Alameda, CA)", "total": 14.0 }, "geometry": { "type": "Point", "coordinates": [ -122.093539, 37.6567 ] } },
{ "type": "Feature", "properties": { "ID": 230817, "Access Days Time": "24 hours daily", "EV Level1 EVSE Num": null, "EV Level2 EVSE Num": 2.0, "EV DC Fast Count": null, "Latitude": 37.653703, "Longitude": -122.017592, "geoid_str_": "4 (Tract 4351.03, Alameda, CA)", "total": 2.0 }, "geometry": { "type": "Point", "coordinates": [ -122.017592, 37.653703 ] } },
{ "type": "Feature", "properties": { "ID": 231087, "Access Days Time": "24 hours daily", "EV Level1 EVSE Num": null, "EV Level2 EVSE Num": 2.0, "EV DC Fast Count": null, "Latitude": 37.639808, "Longitude": -122.058376, "geoid_str_": "1 (Tract 4379, Alameda, CA)", "total": 2.0 }, "geometry": { "type": "Point", "coordinates": [ -122.058376, 37.639808 ] } },
{ "type": "Feature", "properties": { "ID": 231114, "Access Days Time": "24 hours daily", "EV Level1 EVSE Num": null, "EV Level2 EVSE Num": null, "EV DC Fast Count": 6.0, "Latitude": 37.510733, "Longitude": -121.948142, "geoid_str_": "2 (Tract 4415.25, Alameda, CA)", "total": 6.0 }, "geometry": { "type": "Point", "coordinates": [ -121.948142, 37.510733 ] } },
{ "type": "Feature", "properties": { "ID": 231149, "Access Days Time": "24 hours daily", "EV Level1 EVSE Num": null, "EV Level2 EVSE Num": 2.0, "EV DC Fast Count": null, "Latitude": 37.710958, "Longitude": -121.853807, "geoid_str_": "1 (Tract 4507.51, Alameda, CA)", "total": 2.0 }, "geometry": { "type": "Point", "coordinates": [ -121.853807, 37.710958 ] } },
{ "type": "Feature", "properties": { "ID": 234633, "Access Days Time": "24 hours daily", "EV Level1 EVSE Num": null, "EV Level2 EVSE Num": 2.0, "EV DC Fast Count": null, "Latitude": 37.593066, "Longitude": -122.089953, "geoid_str_": "1 (Tract 4403.31, Alameda, CA)", "total": 2.0 }, "geometry": { "type": "Point", "coordinates": [ -122.089953, 37.593066 ] } },
{ "type": "Feature", "properties": { "ID": 236210, "Access Days Time": "24 hours daily", "EV Level1 EVSE Num": null, "EV Level2 EVSE Num": 10.0, "EV DC Fast Count": null, "Latitude": 37.697254979115897, "Longitude": -121.78152903802869, "geoid_str_": "1 (Tract 4514.01, Alameda, CA)", "total": 10.0 }, "geometry": { "type": "Point", "coordinates": [ -121.781529038028694, 37.697254979115897 ] } },
{ "type": "Feature", "properties": { "ID": 237827, "Access Days Time": "24 hours daily", "EV Level1 EVSE Num": null, "EV Level2 EVSE Num": 2.0, "EV DC Fast Count": null, "Latitude": 37.7151447, "Longitude": -121.9410449, "geoid_str_": "1 (Tract 4505.02, Alameda, CA)", "total": 2.0 }, "geometry": { "type": "Point", "coordinates": [ -121.9410449, 37.7151447 ] } },
{ "type": "Feature", "properties": { "ID": 237828, "Access Days Time": "24 hours daily", "EV Level1 EVSE Num": null, "EV Level2 EVSE Num": 2.0, "EV DC Fast Count": null, "Latitude": 37.71039798, "Longitude": -121.8542012, "geoid_str_": "1 (Tract 4507.51, Alameda, CA)", "total": 2.0 }, "geometry": { "type": "Point", "coordinates": [ -121.8542012, 37.71039798 ] } },
{ "type": "Feature", "properties": { "ID": 238005, "Access Days Time": "24 hours daily", "EV Level1 EVSE Num": null, "EV Level2 EVSE Num": 2.0, "EV DC Fast Count": null, "Latitude": 37.71039692, "Longitude": -121.8542737, "geoid_str_": "1 (Tract 4507.51, Alameda, CA)", "total": 2.0 }, "geometry": { "type": "Point", "coordinates": [ -121.8542737, 37.71039692 ] } },
{ "type": "Feature", "properties": { "ID": 238323, "Access Days Time": "24 hours daily", "EV Level1 EVSE Num": null, "EV Level2 EVSE Num": 2.0, "EV DC Fast Count": null, "Latitude": 37.705091, "Longitude": -121.901528, "geoid_str_": "1 (Tract 4501.01, Alameda, CA)", "total": 2.0 }, "geometry": { "type": "Point", "coordinates": [ -121.901528, 37.705091 ] } },
{ "type": "Feature", "properties": { "ID": 238324, "Access Days Time": "24 hours daily", "EV Level1 EVSE Num": null, "EV Level2 EVSE Num": 2.0, "EV DC Fast Count": null, "Latitude": 37.705132, "Longitude": -121.901533, "geoid_str_": "1 (Tract 4501.01, Alameda, CA)", "total": 2.0 }, "geometry": { "type": "Point", "coordinates": [ -121.901533, 37.705132 ] } },
{ "type": "Feature", "properties": { "ID": 238328, "Access Days Time": "24 hours daily", "EV Level1 EVSE Num": null, "EV Level2 EVSE Num": 2.0, "EV DC Fast Count": null, "Latitude": 37.704955, "Longitude": -121.900151, "geoid_str_": "1 (Tract 4501.01, Alameda, CA)", "total": 2.0 }, "geometry": { "type": "Point", "coordinates": [ -121.900151, 37.704955 ] } },
{ "type": "Feature", "properties": { "ID": 238329, "Access Days Time": "24 hours daily", "EV Level1 EVSE Num": null, "EV Level2 EVSE Num": 2.0, "EV DC Fast Count": null, "Latitude": 37.704764, "Longitude": -121.900622, "geoid_str_": "1 (Tract 4501.01, Alameda, CA)", "total": 2.0 }, "geometry": { "type": "Point", "coordinates": [ -121.900622, 37.704764 ] } },
{ "type": "Feature", "properties": { "ID": 238330, "Access Days Time": "24 hours daily", "EV Level1 EVSE Num": null, "EV Level2 EVSE Num": 2.0, "EV DC Fast Count": null, "Latitude": 37.70468, "Longitude": -121.900576, "geoid_str_": "1 (Tract 4501.01, Alameda, CA)", "total": 2.0 }, "geometry": { "type": "Point", "coordinates": [ -121.900576, 37.70468 ] } },
{ "type": "Feature", "properties": { "ID": 238331, "Access Days Time": "24 hours daily", "EV Level1 EVSE Num": null, "EV Level2 EVSE Num": 2.0, "EV DC Fast Count": null, "Latitude": 37.704538, "Longitude": -121.900425, "geoid_str_": "1 (Tract 4501.01, Alameda, CA)", "total": 2.0 }, "geometry": { "type": "Point", "coordinates": [ -121.900425, 37.704538 ] } },
{ "type": "Feature", "properties": { "ID": 238453, "Access Days Time": "24 hours daily", "EV Level1 EVSE Num": null, "EV Level2 EVSE Num": 2.0, "EV DC Fast Count": null, "Latitude": 37.704928, "Longitude": -121.900211, "geoid_str_": "1 (Tract 4501.01, Alameda, CA)", "total": 2.0 }, "geometry": { "type": "Point", "coordinates": [ -121.900211, 37.704928 ] } },
{ "type": "Feature", "properties": { "ID": 238454, "Access Days Time": "24 hours daily", "EV Level1 EVSE Num": null, "EV Level2 EVSE Num": 2.0, "EV DC Fast Count": null, "Latitude": 37.70453, "Longitude": -121.900298, "geoid_str_": "1 (Tract 4501.01, Alameda, CA)", "total": 2.0 }, "geometry": { "type": "Point", "coordinates": [ -121.900298, 37.70453 ] } },
{ "type": "Feature", "properties": { "ID": 238777, "Access Days Time": "24 hours daily", "EV Level1 EVSE Num": null, "EV Level2 EVSE Num": 2.0, "EV DC Fast Count": null, "Latitude": 37.500251, "Longitude": -121.977085, "geoid_str_": "2 (Tract 4415.03, Alameda, CA)", "total": 2.0 }, "geometry": { "type": "Point", "coordinates": [ -121.977085, 37.500251 ] } },
{ "type": "Feature", "properties": { "ID": 251258, "Access Days Time": "Contact station for hours of availability", "EV Level1 EVSE Num": null, "EV Level2 EVSE Num": 30.0, "EV DC Fast Count": null, "Latitude": 37.698463126999997, "Longitude": -121.900444867, "geoid_str_": "2 (Tract 4507.43, Alameda, CA)", "total": 30.0 }, "geometry": { "type": "Point", "coordinates": [ -121.900444867, 37.698463127 ] } },
{ "type": "Feature", "properties": { "ID": 251765, "Access Days Time": "24 hours daily", "EV Level1 EVSE Num": null, "EV Level2 EVSE Num": 2.0, "EV DC Fast Count": null, "Latitude": 37.495625, "Longitude": -121.97314, "geoid_str_": "2 (Tract 4415.03, Alameda, CA)", "total": 2.0 }, "geometry": { "type": "Point", "coordinates": [ -121.97314, 37.495625 ] } },
{ "type": "Feature", "properties": { "ID": 251766, "Access Days Time": "24 hours daily", "EV Level1 EVSE Num": null, "EV Level2 EVSE Num": 2.0, "EV DC Fast Count": null, "Latitude": 37.495891, "Longitude": -121.97282, "geoid_str_": "2 (Tract 4415.03, Alameda, CA)", "total": 2.0 }, "geometry": { "type": "Point", "coordinates": [ -121.97282, 37.495891 ] } },
{ "type": "Feature", "properties": { "ID": 251768, "Access Days Time": "24 hours daily", "EV Level1 EVSE Num": null, "EV Level2 EVSE Num": 2.0, "EV DC Fast Count": null, "Latitude": 37.495719, "Longitude": -121.973035, "geoid_str_": "2 (Tract 4415.03, Alameda, CA)", "total": 2.0 }, "geometry": { "type": "Point", "coordinates": [ -121.973035, 37.495719 ] } },
{ "type": "Feature", "properties": { "ID": 251769, "Access Days Time": "24 hours daily", "EV Level1 EVSE Num": null, "EV Level2 EVSE Num": 2.0, "EV DC Fast Count": null, "Latitude": 37.497316, "Longitude": -121.973712, "geoid_str_": "2 (Tract 4415.03, Alameda, CA)", "total": 2.0 }, "geometry": { "type": "Point", "coordinates": [ -121.973712, 37.497316 ] } },
{ "type": "Feature", "properties": { "ID": 251770, "Access Days Time": "24 hours daily", "EV Level1 EVSE Num": null, "EV Level2 EVSE Num": 2.0, "EV DC Fast Count": null, "Latitude": 37.495515, "Longitude": -121.973235, "geoid_str_": "2 (Tract 4415.03, Alameda, CA)", "total": 2.0 }, "geometry": { "type": "Point", "coordinates": [ -121.973235, 37.495515 ] } },
{ "type": "Feature", "properties": { "ID": 251771, "Access Days Time": "24 hours daily", "EV Level1 EVSE Num": null, "EV Level2 EVSE Num": 2.0, "EV DC Fast Count": null, "Latitude": 37.496786, "Longitude": -121.972438, "geoid_str_": "2 (Tract 4415.03, Alameda, CA)", "total": 2.0 }, "geometry": { "type": "Point", "coordinates": [ -121.972438, 37.496786 ] } },
{ "type": "Feature", "properties": { "ID": 251772, "Access Days Time": "24 hours daily", "EV Level1 EVSE Num": null, "EV Level2 EVSE Num": 1.0, "EV DC Fast Count": null, "Latitude": 37.495982, "Longitude": -121.972705, "geoid_str_": "2 (Tract 4415.03, Alameda, CA)", "total": 1.0 }, "geometry": { "type": "Point", "coordinates": [ -121.972705, 37.495982 ] } },
{ "type": "Feature", "properties": { "ID": 251773, "Access Days Time": "24 hours daily", "EV Level1 EVSE Num": null, "EV Level2 EVSE Num": 2.0, "EV DC Fast Count": null, "Latitude": 37.495924, "Longitude": -121.972772, "geoid_str_": "2 (Tract 4415.03, Alameda, CA)", "total": 2.0 }, "geometry": { "type": "Point", "coordinates": [ -121.972772, 37.495924 ] } },
{ "type": "Feature", "properties": { "ID": 251997, "Access Days Time": "24 hours daily", "EV Level1 EVSE Num": null, "EV Level2 EVSE Num": 2.0, "EV DC Fast Count": null, "Latitude": 37.495995, "Longitude": -121.972946, "geoid_str_": "2 (Tract 4415.03, Alameda, CA)", "total": 2.0 }, "geometry": { "type": "Point", "coordinates": [ -121.972946, 37.495995 ] } },
{ "type": "Feature", "properties": { "ID": 252909, "Access Days Time": "24 hours daily", "EV Level1 EVSE Num": null, "EV Level2 EVSE Num": 1.0, "EV DC Fast Count": null, "Latitude": 37.830221, "Longitude": -122.291743, "geoid_str_": "3 (Tract 4017, Alameda, CA)", "total": 1.0 }, "geometry": { "type": "Point", "coordinates": [ -122.291743, 37.830221 ] } },
{ "type": "Feature", "properties": { "ID": 252910, "Access Days Time": "24 hours daily", "EV Level1 EVSE Num": null, "EV Level2 EVSE Num": 1.0, "EV DC Fast Count": null, "Latitude": 37.830061, "Longitude": -122.29203, "geoid_str_": "3 (Tract 4017, Alameda, CA)", "total": 1.0 }, "geometry": { "type": "Point", "coordinates": [ -122.29203, 37.830061 ] } },
{ "type": "Feature", "properties": { "ID": 252911, "Access Days Time": "24 hours daily", "EV Level1 EVSE Num": null, "EV Level2 EVSE Num": 1.0, "EV DC Fast Count": null, "Latitude": 37.830318, "Longitude": -122.292025, "geoid_str_": "3 (Tract 4017, Alameda, CA)", "total": 1.0 }, "geometry": { "type": "Point", "coordinates": [ -122.292025, 37.830318 ] } },
{ "type": "Feature", "properties": { "ID": 252912, "Access Days Time": "24 hours daily", "EV Level1 EVSE Num": null, "EV Level2 EVSE Num": 1.0, "EV DC Fast Count": null, "Latitude": 37.830419, "Longitude": -122.291943, "geoid_str_": "2 (Tract 4251.02, Alameda, CA)", "total": 1.0 }, "geometry": { "type": "Point", "coordinates": [ -122.291943, 37.830419 ] } },
{ "type": "Feature", "properties": { "ID": 253635, "Access Days Time": "Mon: 6:00am-11:59pm; Tue: 6:00am-11:59pm; Wed: 6:00am-11:59pm; Thu: 6:00am-11:59pm; Fri: 6:00am-11:59pm; Sat: 6:00am-11:59pm; Sun: 6:00am-11:59pm", "EV Level1 EVSE Num": null, "EV Level2 EVSE Num": 2.0, "EV DC Fast Count": null, "Latitude": 37.50351, "Longitude": -121.974978, "geoid_str_": "2 (Tract 4415.03, Alameda, CA)", "total": 2.0 }, "geometry": { "type": "Point", "coordinates": [ -121.974978, 37.50351 ] } },
{ "type": "Feature", "properties": { "ID": 253707, "Access Days Time": "24 hours daily", "EV Level1 EVSE Num": null, "EV Level2 EVSE Num": null, "EV DC Fast Count": 1.0, "Latitude": 37.53473, "Longitude": -121.96197, "geoid_str_": "1 (Tract 4423.02, Alameda, CA)", "total": 1.0 }, "geometry": { "type": "Point", "coordinates": [ -121.96197, 37.53473 ] } },
{ "type": "Feature", "properties": { "ID": 253708, "Access Days Time": "24 hours daily", "EV Level1 EVSE Num": null, "EV Level2 EVSE Num": null, "EV DC Fast Count": 1.0, "Latitude": 37.53474, "Longitude": -121.961988, "geoid_str_": "1 (Tract 4423.02, Alameda, CA)", "total": 1.0 }, "geometry": { "type": "Point", "coordinates": [ -121.961988, 37.53474 ] } },
{ "type": "Feature", "properties": { "ID": 253709, "Access Days Time": "24 hours daily", "EV Level1 EVSE Num": null, "EV Level2 EVSE Num": null, "EV DC Fast Count": 1.0, "Latitude": 37.534769, "Longitude": -121.96204, "geoid_str_": "1 (Tract 4423.02, Alameda, CA)", "total": 1.0 }, "geometry": { "type": "Point", "coordinates": [ -121.96204, 37.534769 ] } },
{ "type": "Feature", "properties": { "ID": 253710, "Access Days Time": "24 hours daily", "EV Level1 EVSE Num": null, "EV Level2 EVSE Num": null, "EV DC Fast Count": 1.0, "Latitude": 37.534778, "Longitude": -121.96207, "geoid_str_": "1 (Tract 4423.02, Alameda, CA)", "total": 1.0 }, "geometry": { "type": "Point", "coordinates": [ -121.96207, 37.534778 ] } },
{ "type": "Feature", "properties": { "ID": 253830, "Access Days Time": "24 hours daily", "EV Level1 EVSE Num": null, "EV Level2 EVSE Num": 2.0, "EV DC Fast Count": null, "Latitude": 37.842392, "Longitude": -122.29164, "geoid_str_": "1 (Tract 4251.03, Alameda, CA)", "total": 2.0 }, "geometry": { "type": "Point", "coordinates": [ -122.29164, 37.842392 ] } },
{ "type": "Feature", "properties": { "ID": 253831, "Access Days Time": "24 hours daily", "EV Level1 EVSE Num": null, "EV Level2 EVSE Num": 2.0, "EV DC Fast Count": null, "Latitude": 37.842432, "Longitude": -122.291508, "geoid_str_": "1 (Tract 4251.03, Alameda, CA)", "total": 2.0 }, "geometry": { "type": "Point", "coordinates": [ -122.291508, 37.842432 ] } },
{ "type": "Feature", "properties": { "ID": 253832, "Access Days Time": "24 hours daily", "EV Level1 EVSE Num": null, "EV Level2 EVSE Num": 2.0, "EV DC Fast Count": null, "Latitude": 37.842321, "Longitude": -122.291579, "geoid_str_": "1 (Tract 4251.03, Alameda, CA)", "total": 2.0 }, "geometry": { "type": "Point", "coordinates": [ -122.291579, 37.842321 ] } },
{ "type": "Feature", "properties": { "ID": 253833, "Access Days Time": "24 hours daily", "EV Level1 EVSE Num": null, "EV Level2 EVSE Num": 2.0, "EV DC Fast Count": null, "Latitude": 37.842502, "Longitude": -122.291576, "geoid_str_": "1 (Tract 4251.03, Alameda, CA)", "total": 2.0 }, "geometry": { "type": "Point", "coordinates": [ -122.291576, 37.842502 ] } },
{ "type": "Feature", "properties": { "ID": 253834, "Access Days Time": "24 hours daily", "EV Level1 EVSE Num": null, "EV Level2 EVSE Num": 2.0, "EV DC Fast Count": null, "Latitude": 37.842452, "Longitude": -122.291526, "geoid_str_": "1 (Tract 4251.03, Alameda, CA)", "total": 2.0 }, "geometry": { "type": "Point", "coordinates": [ -122.291526, 37.842452 ] } },
{ "type": "Feature", "properties": { "ID": 253835, "Access Days Time": "24 hours daily", "EV Level1 EVSE Num": null, "EV Level2 EVSE Num": 2.0, "EV DC Fast Count": null, "Latitude": 37.842231, "Longitude": -122.291363, "geoid_str_": "1 (Tract 4251.03, Alameda, CA)", "total": 2.0 }, "geometry": { "type": "Point", "coordinates": [ -122.291363, 37.842231 ] } },
{ "type": "Feature", "properties": { "ID": 254297, "Access Days Time": "24 hours daily", "EV Level1 EVSE Num": null, "EV Level2 EVSE Num": 2.0, "EV DC Fast Count": null, "Latitude": 37.663438, "Longitude": -121.899834, "geoid_str_": "1 (Tract 4506.07, Alameda, CA)", "total": 2.0 }, "geometry": { "type": "Point", "coordinates": [ -121.899834, 37.663438 ] } },
{ "type": "Feature", "properties": { "ID": 254317, "Access Days Time": "24 hours daily", "EV Level1 EVSE Num": null, "EV Level2 EVSE Num": 2.0, "EV DC Fast Count": null, "Latitude": 37.640909, "Longitude": -122.116245, "geoid_str_": "4 (Tract 4372, Alameda, CA)", "total": 2.0 }, "geometry": { "type": "Point", "coordinates": [ -122.116245, 37.640909 ] } },
{ "type": "Feature", "properties": { "ID": 254318, "Access Days Time": "24 hours daily", "EV Level1 EVSE Num": null, "EV Level2 EVSE Num": 2.0, "EV DC Fast Count": null, "Latitude": 37.640892, "Longitude": -122.116389, "geoid_str_": "4 (Tract 4372, Alameda, CA)", "total": 2.0 }, "geometry": { "type": "Point", "coordinates": [ -122.116389, 37.640892 ] } },
{ "type": "Feature", "properties": { "ID": 254319, "Access Days Time": "24 hours daily", "EV Level1 EVSE Num": null, "EV Level2 EVSE Num": 2.0, "EV DC Fast Count": null, "Latitude": 37.640897, "Longitude": -122.116446, "geoid_str_": "4 (Tract 4372, Alameda, CA)", "total": 2.0 }, "geometry": { "type": "Point", "coordinates": [ -122.116446, 37.640897 ] } },
{ "type": "Feature", "properties": { "ID": 254320, "Access Days Time": "24 hours daily", "EV Level1 EVSE Num": null, "EV Level2 EVSE Num": 1.0, "EV DC Fast Count": null, "Latitude": 37.640902, "Longitude": -122.116319, "geoid_str_": "4 (Tract 4372, Alameda, CA)", "total": 1.0 }, "geometry": { "type": "Point", "coordinates": [ -122.116319, 37.640902 ] } },
{ "type": "Feature", "properties": { "ID": 258946, "Access Days Time": "24 hours daily", "EV Level1 EVSE Num": null, "EV Level2 EVSE Num": 2.0, "EV DC Fast Count": null, "Latitude": 37.548005, "Longitude": -122.054335, "geoid_str_": "3 (Tract 4442, Alameda, CA)", "total": 2.0 }, "geometry": { "type": "Point", "coordinates": [ -122.054335, 37.548005 ] } },
{ "type": "Feature", "properties": { "ID": 259043, "Access Days Time": "24 hours daily", "EV Level1 EVSE Num": null, "EV Level2 EVSE Num": 2.0, "EV DC Fast Count": null, "Latitude": 37.6319742, "Longitude": -122.1165172, "geoid_str_": "4 (Tract 4371.01, Alameda, CA)", "total": 2.0 }, "geometry": { "type": "Point", "coordinates": [ -122.1165172, 37.6319742 ] } },
{ "type": "Feature", "properties": { "ID": 259858, "Access Days Time": "24 hours daily", "EV Level1 EVSE Num": null, "EV Level2 EVSE Num": null, "EV DC Fast Count": 4.0, "Latitude": 37.72443, "Longitude": -122.15377, "geoid_str_": "3 (Tract 4326.02, Alameda, CA)", "total": 4.0 }, "geometry": { "type": "Point", "coordinates": [ -122.15377, 37.72443 ] } },
{ "type": "Feature", "properties": { "ID": 260489, "Access Days Time": "24 hours daily", "EV Level1 EVSE Num": null, "EV Level2 EVSE Num": 2.0, "EV DC Fast Count": null, "Latitude": 37.76427, "Longitude": -122.27099, "geoid_str_": "1 (Tract 4286, Alameda, CA)", "total": 2.0 }, "geometry": { "type": "Point", "coordinates": [ -122.27099, 37.76427 ] } },
{ "type": "Feature", "properties": { "ID": 260949, "Access Days Time": "24 hours daily", "EV Level1 EVSE Num": null, "EV Level2 EVSE Num": 1.0, "EV DC Fast Count": null, "Latitude": 37.81267929, "Longitude": -122.2650681, "geoid_str_": "4 (Tract 4035.01, Alameda, CA)", "total": 1.0 }, "geometry": { "type": "Point", "coordinates": [ -122.2650681, 37.81267929 ] } },
{ "type": "Feature", "properties": { "ID": 261101, "Access Days Time": "24 hours daily", "EV Level1 EVSE Num": null, "EV Level2 EVSE Num": null, "EV DC Fast Count": 8.0, "Latitude": 37.799268, "Longitude": -122.216992, "geoid_str_": "2 (Tract 4049, Alameda, CA)", "total": 8.0 }, "geometry": { "type": "Point", "coordinates": [ -122.216992, 37.799268 ] } },
{ "type": "Feature", "properties": { "ID": 261106, "Access Days Time": "24 hours daily", "EV Level1 EVSE Num": null, "EV Level2 EVSE Num": 2.0, "EV DC Fast Count": null, "Latitude": 37.805801, "Longitude": -122.26676, "geoid_str_": "1 (Tract 4029, Alameda, CA)", "total": 2.0 }, "geometry": { "type": "Point", "coordinates": [ -122.26676, 37.805801 ] } },
{ "type": "Feature", "properties": { "ID": 261107, "Access Days Time": "24 hours daily", "EV Level1 EVSE Num": null, "EV Level2 EVSE Num": 2.0, "EV DC Fast Count": null, "Latitude": 37.805733, "Longitude": -122.266824, "geoid_str_": "1 (Tract 4029, Alameda, CA)", "total": 2.0 }, "geometry": { "type": "Point", "coordinates": [ -122.266824, 37.805733 ] } },
{ "type": "Feature", "properties": { "ID": 261108, "Access Days Time": "24 hours daily", "EV Level1 EVSE Num": null, "EV Level2 EVSE Num": 2.0, "EV DC Fast Count": null, "Latitude": 37.805843, "Longitude": -122.266803, "geoid_str_": "1 (Tract 4029, Alameda, CA)", "total": 2.0 }, "geometry": { "type": "Point", "coordinates": [ -122.266803, 37.805843 ] } },
{ "type": "Feature", "properties": { "ID": 261579, "Access Days Time": "24 hours daily", "EV Level1 EVSE Num": null, "EV Level2 EVSE Num": 2.0, "EV DC Fast Count": null, "Latitude": 37.7635, "Longitude": -122.270676, "geoid_str_": "2 (Tract 4286, Alameda, CA)", "total": 2.0 }, "geometry": { "type": "Point", "coordinates": [ -122.270676, 37.7635 ] } },
{ "type": "Feature", "properties": { "ID": 261580, "Access Days Time": "24 hours daily", "EV Level1 EVSE Num": null, "EV Level2 EVSE Num": 2.0, "EV DC Fast Count": null, "Latitude": 37.763596, "Longitude": -122.27061, "geoid_str_": "2 (Tract 4286, Alameda, CA)", "total": 2.0 }, "geometry": { "type": "Point", "coordinates": [ -122.27061, 37.763596 ] } },
{ "type": "Feature", "properties": { "ID": 261581, "Access Days Time": "24 hours daily", "EV Level1 EVSE Num": null, "EV Level2 EVSE Num": 2.0, "EV DC Fast Count": null, "Latitude": 37.76377, "Longitude": -122.27062, "geoid_str_": "2 (Tract 4286, Alameda, CA)", "total": 2.0 }, "geometry": { "type": "Point", "coordinates": [ -122.27062, 37.76377 ] } },
{ "type": "Feature", "properties": { "ID": 261582, "Access Days Time": "24 hours daily", "EV Level1 EVSE Num": null, "EV Level2 EVSE Num": 2.0, "EV DC Fast Count": null, "Latitude": 37.76352, "Longitude": -122.27077, "geoid_str_": "2 (Tract 4286, Alameda, CA)", "total": 2.0 }, "geometry": { "type": "Point", "coordinates": [ -122.27077, 37.76352 ] } },
{ "type": "Feature", "properties": { "ID": 261583, "Access Days Time": "24 hours daily", "EV Level1 EVSE Num": null, "EV Level2 EVSE Num": 2.0, "EV DC Fast Count": null, "Latitude": 37.764175, "Longitude": -122.270996, "geoid_str_": "1 (Tract 4286, Alameda, CA)", "total": 2.0 }, "geometry": { "type": "Point", "coordinates": [ -122.270996, 37.764175 ] } },
{ "type": "Feature", "properties": { "ID": 261584, "Access Days Time": "24 hours daily", "EV Level1 EVSE Num": null, "EV Level2 EVSE Num": 2.0, "EV DC Fast Count": null, "Latitude": 37.764297, "Longitude": -122.27099, "geoid_str_": "1 (Tract 4286, Alameda, CA)", "total": 2.0 }, "geometry": { "type": "Point", "coordinates": [ -122.27099, 37.764297 ] } },
{ "type": "Feature", "properties": { "ID": 261585, "Access Days Time": "24 hours daily", "EV Level1 EVSE Num": null, "EV Level2 EVSE Num": 2.0, "EV DC Fast Count": null, "Latitude": 37.76414, "Longitude": -122.27101, "geoid_str_": "1 (Tract 4286, Alameda, CA)", "total": 2.0 }, "geometry": { "type": "Point", "coordinates": [ -122.27101, 37.76414 ] } },
{ "type": "Feature", "properties": { "ID": 261669, "Access Days Time": "24 hours daily; pay lot", "EV Level1 EVSE Num": null, "EV Level2 EVSE Num": 16.0, "EV DC Fast Count": null, "Latitude": 37.713040706220141, "Longitude": -122.2116330601883, "geoid_str_": "2 (Tract 4090, Alameda, CA)", "total": 16.0 }, "geometry": { "type": "Point", "coordinates": [ -122.211633060188305, 37.713040706220141 ] } },
{ "type": "Feature", "properties": { "ID": 266033, "Access Days Time": "Sat: 12:00am-12:00am; Sun: 12:00am-12:00am", "EV Level1 EVSE Num": null, "EV Level2 EVSE Num": 2.0, "EV DC Fast Count": null, "Latitude": 37.723941, "Longitude": -122.238151, "geoid_str_": "4 (Tract 4283.01, Alameda, CA)", "total": 2.0 }, "geometry": { "type": "Point", "coordinates": [ -122.238151, 37.723941 ] } },
{ "type": "Feature", "properties": { "ID": 267825, "Access Days Time": "Sat: 12:00am-12:00am; Sun: 12:00am-12:00am", "EV Level1 EVSE Num": null, "EV Level2 EVSE Num": 2.0, "EV DC Fast Count": null, "Latitude": 37.723899, "Longitude": -122.238151, "geoid_str_": "4 (Tract 4283.01, Alameda, CA)", "total": 2.0 }, "geometry": { "type": "Point", "coordinates": [ -122.238151, 37.723899 ] } },
{ "type": "Feature", "properties": { "ID": 269849, "Access Days Time": "24 hours daily", "EV Level1 EVSE Num": null, "EV Level2 EVSE Num": 2.0, "EV DC Fast Count": null, "Latitude": 37.709389, "Longitude": -121.89404, "geoid_str_": "1 (Tract 4501.02, Alameda, CA)", "total": 2.0 }, "geometry": { "type": "Point", "coordinates": [ -121.89404, 37.709389 ] } },
{ "type": "Feature", "properties": { "ID": 279354, "Access Days Time": "24 hours daily", "EV Level1 EVSE Num": null, "EV Level2 EVSE Num": null, "EV DC Fast Count": 10.0, "Latitude": 37.82891, "Longitude": -122.2913, "geoid_str_": "3 (Tract 4017, Alameda, CA)", "total": 10.0 }, "geometry": { "type": "Point", "coordinates": [ -122.2913, 37.82891 ] } },
{ "type": "Feature", "properties": { "ID": 279888, "Access Days Time": "24 hours daily", "EV Level1 EVSE Num": null, "EV Level2 EVSE Num": 2.0, "EV DC Fast Count": null, "Latitude": 37.80646, "Longitude": -122.269494, "geoid_str_": "1 (Tract 4029, Alameda, CA)", "total": 2.0 }, "geometry": { "type": "Point", "coordinates": [ -122.269494, 37.80646 ] } },
{ "type": "Feature", "properties": { "ID": 279902, "Access Days Time": "24 hours daily", "EV Level1 EVSE Num": null, "EV Level2 EVSE Num": 2.0, "EV DC Fast Count": null, "Latitude": 37.806502, "Longitude": -122.26959, "geoid_str_": "1 (Tract 4029, Alameda, CA)", "total": 2.0 }, "geometry": { "type": "Point", "coordinates": [ -122.26959, 37.806502 ] } },
{ "type": "Feature", "properties": { "ID": 280728, "Access Days Time": "24 hours daily", "EV Level1 EVSE Num": null, "EV Level2 EVSE Num": 2.0, "EV DC Fast Count": null, "Latitude": 37.806477, "Longitude": -122.269622, "geoid_str_": "1 (Tract 4029, Alameda, CA)", "total": 2.0 }, "geometry": { "type": "Point", "coordinates": [ -122.269622, 37.806477 ] } },
{ "type": "Feature", "properties": { "ID": 285796, "Access Days Time": "24 hours daily", "EV Level1 EVSE Num": null, "EV Level2 EVSE Num": 2.0, "EV DC Fast Count": null, "Latitude": 37.806271, "Longitude": -122.265937, "geoid_str_": "1 (Tract 4029, Alameda, CA)", "total": 2.0 }, "geometry": { "type": "Point", "coordinates": [ -122.265937, 37.806271 ] } },
{ "type": "Feature", "properties": { "ID": 285797, "Access Days Time": "24 hours daily", "EV Level1 EVSE Num": null, "EV Level2 EVSE Num": 2.0, "EV DC Fast Count": null, "Latitude": 37.806236, "Longitude": -122.265973, "geoid_str_": "1 (Tract 4029, Alameda, CA)", "total": 2.0 }, "geometry": { "type": "Point", "coordinates": [ -122.265973, 37.806236 ] } },
{ "type": "Feature", "properties": { "ID": 285798, "Access Days Time": "24 hours daily", "EV Level1 EVSE Num": null, "EV Level2 EVSE Num": 2.0, "EV DC Fast Count": null, "Latitude": 37.806266, "Longitude": -122.265989, "geoid_str_": "1 (Tract 4029, Alameda, CA)", "total": 2.0 }, "geometry": { "type": "Point", "coordinates": [ -122.265989, 37.806266 ] } },
{ "type": "Feature", "properties": { "ID": 285799, "Access Days Time": "24 hours daily", "EV Level1 EVSE Num": null, "EV Level2 EVSE Num": 2.0, "EV DC Fast Count": null, "Latitude": 37.806248, "Longitude": -122.265959, "geoid_str_": "1 (Tract 4029, Alameda, CA)", "total": 2.0 }, "geometry": { "type": "Point", "coordinates": [ -122.265959, 37.806248 ] } },
{ "type": "Feature", "properties": { "ID": 287188, "Access Days Time": "24 hours daily", "EV Level1 EVSE Num": null, "EV Level2 EVSE Num": 1.0, "EV DC Fast Count": null, "Latitude": 37.806239, "Longitude": -122.265928, "geoid_str_": "1 (Tract 4029, Alameda, CA)", "total": 1.0 }, "geometry": { "type": "Point", "coordinates": [ -122.265928, 37.806239 ] } },
{ "type": "Feature", "properties": { "ID": 287189, "Access Days Time": "24 hours daily", "EV Level1 EVSE Num": null, "EV Level2 EVSE Num": 2.0, "EV DC Fast Count": null, "Latitude": 37.806237, "Longitude": -122.265949, "geoid_str_": "1 (Tract 4029, Alameda, CA)", "total": 2.0 }, "geometry": { "type": "Point", "coordinates": [ -122.265949, 37.806237 ] } },
{ "type": "Feature", "properties": { "ID": 287192, "Access Days Time": "24 hours daily", "EV Level1 EVSE Num": null, "EV Level2 EVSE Num": 2.0, "EV DC Fast Count": null, "Latitude": 37.806248, "Longitude": -122.265938, "geoid_str_": "1 (Tract 4029, Alameda, CA)", "total": 2.0 }, "geometry": { "type": "Point", "coordinates": [ -122.265938, 37.806248 ] } },
{ "type": "Feature", "properties": { "ID": 287195, "Access Days Time": "24 hours daily", "EV Level1 EVSE Num": null, "EV Level2 EVSE Num": 2.0, "EV DC Fast Count": null, "Latitude": 37.806229, "Longitude": -122.265946, "geoid_str_": "1 (Tract 4029, Alameda, CA)", "total": 2.0 }, "geometry": { "type": "Point", "coordinates": [ -122.265946, 37.806229 ] } },
{ "type": "Feature", "properties": { "ID": 294933, "Access Days Time": "24 hours daily", "EV Level1 EVSE Num": null, "EV Level2 EVSE Num": 2.0, "EV DC Fast Count": null, "Latitude": 37.813056, "Longitude": -122.262262, "geoid_str_": "4 (Tract 4035.01, Alameda, CA)", "total": 2.0 }, "geometry": { "type": "Point", "coordinates": [ -122.262262, 37.813056 ] } },
{ "type": "Feature", "properties": { "ID": 295224, "Access Days Time": "24 hours daily", "EV Level1 EVSE Num": null, "EV Level2 EVSE Num": 2.0, "EV DC Fast Count": null, "Latitude": 37.813045, "Longitude": -122.262257, "geoid_str_": "4 (Tract 4035.01, Alameda, CA)", "total": 2.0 }, "geometry": { "type": "Point", "coordinates": [ -122.262257, 37.813045 ] } },
{ "type": "Feature", "properties": { "ID": 295229, "Access Days Time": "24 hours daily", "EV Level1 EVSE Num": null, "EV Level2 EVSE Num": 2.0, "EV DC Fast Count": null, "Latitude": 37.813048, "Longitude": -122.262276, "geoid_str_": "4 (Tract 4035.01, Alameda, CA)", "total": 2.0 }, "geometry": { "type": "Point", "coordinates": [ -122.262276, 37.813048 ] } },
{ "type": "Feature", "properties": { "ID": 295230, "Access Days Time": "24 hours daily", "EV Level1 EVSE Num": null, "EV Level2 EVSE Num": 2.0, "EV DC Fast Count": null, "Latitude": 37.813032, "Longitude": -122.262285, "geoid_str_": "4 (Tract 4035.01, Alameda, CA)", "total": 2.0 }, "geometry": { "type": "Point", "coordinates": [ -122.262285, 37.813032 ] } },
{ "type": "Feature", "properties": { "ID": 295359, "Access Days Time": "24 hours daily", "EV Level1 EVSE Num": null, "EV Level2 EVSE Num": 2.0, "EV DC Fast Count": null, "Latitude": 37.813043, "Longitude": -122.262266, "geoid_str_": "4 (Tract 4035.01, Alameda, CA)", "total": 2.0 }, "geometry": { "type": "Point", "coordinates": [ -122.262266, 37.813043 ] } },
{ "type": "Feature", "properties": { "ID": 296797, "Access Days Time": "24 hours daily", "EV Level1 EVSE Num": null, "EV Level2 EVSE Num": null, "EV DC Fast Count": 6.0, "Latitude": 37.5889939, "Longitude": -122.02116, "geoid_str_": "2 (Tract 4403.08, Alameda, CA)", "total": 6.0 }, "geometry": { "type": "Point", "coordinates": [ -122.02116, 37.5889939 ] } },
{ "type": "Feature", "properties": { "ID": 297062, "Access Days Time": "Mon: 12:00am-12:00am; Tue: 12:00am-12:00am; Wed: 12:00am-12:00am; Thu: 12:00am-12:00am; Fri: 12:00am-12:00am; Sat: 12:00am-12:00am; Sun: 12:00am-12:00am", "EV Level1 EVSE Num": null, "EV Level2 EVSE Num": 2.0, "EV DC Fast Count": null, "Latitude": 37.684318, "Longitude": -121.89385, "geoid_str_": "2 (Tract 4507.43, Alameda, CA)", "total": 2.0 }, "geometry": { "type": "Point", "coordinates": [ -121.89385, 37.684318 ] } },
{ "type": "Feature", "properties": { "ID": 297063, "Access Days Time": "Mon: 12:00am-12:00am; Tue: 12:00am-12:00am; Wed: 12:00am-12:00am; Thu: 12:00am-12:00am; Fri: 12:00am-12:00am; Sat: 12:00am-12:00am; Sun: 12:00am-12:00am", "EV Level1 EVSE Num": null, "EV Level2 EVSE Num": 1.0, "EV DC Fast Count": null, "Latitude": 37.685492, "Longitude": -121.892242, "geoid_str_": "2 (Tract 4507.43, Alameda, CA)", "total": 1.0 }, "geometry": { "type": "Point", "coordinates": [ -121.892242, 37.685492 ] } },
{ "type": "Feature", "properties": { "ID": 297325, "Access Days Time": "Mon: 6:00am-11:59pm; Tue: 6:00am-11:59pm; Wed: 6:00am-11:59pm; Thu: 6:00am-11:59pm; Fri: 6:00am-11:59pm; Sat: 6:00am-11:59pm; Sun: 6:00am-11:59pm", "EV Level1 EVSE Num": null, "EV Level2 EVSE Num": 1.0, "EV DC Fast Count": 1.0, "Latitude": 37.884714, "Longitude": -122.297713, "geoid_str_": "2 (Tract 4204.01, Alameda, CA)", "total": 2.0 }, "geometry": { "type": "Point", "coordinates": [ -122.297713, 37.884714 ] } },
{ "type": "Feature", "properties": { "ID": 300184, "Access Days Time": "24 hours daily", "EV Level1 EVSE Num": null, "EV Level2 EVSE Num": 2.0, "EV DC Fast Count": null, "Latitude": 37.62694, "Longitude": -122.107438, "geoid_str_": "1 (Tract 4371.01, Alameda, CA)", "total": 2.0 }, "geometry": { "type": "Point", "coordinates": [ -122.107438, 37.62694 ] } },
{ "type": "Feature", "properties": { "ID": 300185, "Access Days Time": "24 hours daily", "EV Level1 EVSE Num": null, "EV Level2 EVSE Num": 2.0, "EV DC Fast Count": null, "Latitude": 37.62688, "Longitude": -122.10762, "geoid_str_": "1 (Tract 4371.01, Alameda, CA)", "total": 2.0 }, "geometry": { "type": "Point", "coordinates": [ -122.10762, 37.62688 ] } },
{ "type": "Feature", "properties": { "ID": 300192, "Access Days Time": "24 hours daily", "EV Level1 EVSE Num": null, "EV Level2 EVSE Num": 2.0, "EV DC Fast Count": null, "Latitude": 37.626872, "Longitude": -122.107685, "geoid_str_": "1 (Tract 4371.01, Alameda, CA)", "total": 2.0 }, "geometry": { "type": "Point", "coordinates": [ -122.107685, 37.626872 ] } },
{ "type": "Feature", "properties": { "ID": 301765, "Access Days Time": "24 hours daily", "EV Level1 EVSE Num": null, "EV Level2 EVSE Num": 2.0, "EV DC Fast Count": null, "Latitude": 37.806172, "Longitude": -122.272415, "geoid_str_": "1 (Tract 4028.02, Alameda, CA)", "total": 2.0 }, "geometry": { "type": "Point", "coordinates": [ -122.272415, 37.806172 ] } },
{ "type": "Feature", "properties": { "ID": 303638, "Access Days Time": "Sat: 12:00am-12:00am; Sun: 12:00am-12:00am", "EV Level1 EVSE Num": null, "EV Level2 EVSE Num": 2.0, "EV DC Fast Count": null, "Latitude": 37.72578, "Longitude": -122.23914, "geoid_str_": "4 (Tract 4283.01, Alameda, CA)", "total": 2.0 }, "geometry": { "type": "Point", "coordinates": [ -122.23914, 37.72578 ] } },
{ "type": "Feature", "properties": { "ID": 303639, "Access Days Time": "Sat: 12:00am-12:00am; Sun: 12:00am-12:00am", "EV Level1 EVSE Num": null, "EV Level2 EVSE Num": 2.0, "EV DC Fast Count": null, "Latitude": 37.725785, "Longitude": -122.239038, "geoid_str_": "4 (Tract 4283.01, Alameda, CA)", "total": 2.0 }, "geometry": { "type": "Point", "coordinates": [ -122.239038, 37.725785 ] } },
{ "type": "Feature", "properties": { "ID": 303640, "Access Days Time": "Sat: 12:00am-12:00am; Sun: 12:00am-12:00am", "EV Level1 EVSE Num": null, "EV Level2 EVSE Num": 1.0, "EV DC Fast Count": null, "Latitude": 37.725792, "Longitude": -122.239216, "geoid_str_": "4 (Tract 4283.01, Alameda, CA)", "total": 1.0 }, "geometry": { "type": "Point", "coordinates": [ -122.239216, 37.725792 ] } },
{ "type": "Feature", "properties": { "ID": 303641, "Access Days Time": "Sat: 12:00am-12:00am; Sun: 12:00am-12:00am", "EV Level1 EVSE Num": null, "EV Level2 EVSE Num": 2.0, "EV DC Fast Count": null, "Latitude": 37.725724, "Longitude": -122.239167, "geoid_str_": "4 (Tract 4283.01, Alameda, CA)", "total": 2.0 }, "geometry": { "type": "Point", "coordinates": [ -122.239167, 37.725724 ] } },
{ "type": "Feature", "properties": { "ID": 303735, "Access Days Time": null, "EV Level1 EVSE Num": null, "EV Level2 EVSE Num": 4.0, "EV DC Fast Count": null, "Latitude": 37.5212856, "Longitude": -121.9899787, "geoid_str_": "1 (Tract 4446.02, Alameda, CA)", "total": 4.0 }, "geometry": { "type": "Point", "coordinates": [ -121.9899787, 37.5212856 ] } },
{ "type": "Feature", "properties": { "ID": 303967, "Access Days Time": "24 hours daily", "EV Level1 EVSE Num": null, "EV Level2 EVSE Num": null, "EV DC Fast Count": 2.0, "Latitude": 37.550126, "Longitude": -122.049274, "geoid_str_": "3 (Tract 4442, Alameda, CA)", "total": 2.0 }, "geometry": { "type": "Point", "coordinates": [ -122.049274, 37.550126 ] } },
{ "type": "Feature", "properties": { "ID": 306900, "Access Days Time": "24 hours daily", "EV Level1 EVSE Num": null, "EV Level2 EVSE Num": 2.0, "EV DC Fast Count": null, "Latitude": 37.710461, "Longitude": -121.876118, "geoid_str_": "1 (Tract 4501.02, Alameda, CA)", "total": 2.0 }, "geometry": { "type": "Point", "coordinates": [ -121.876118, 37.710461 ] } },
{ "type": "Feature", "properties": { "ID": 307011, "Access Days Time": "24 hours daily", "EV Level1 EVSE Num": null, "EV Level2 EVSE Num": 1.0, "EV DC Fast Count": null, "Latitude": 37.71056, "Longitude": -121.874953, "geoid_str_": "1 (Tract 4501.02, Alameda, CA)", "total": 1.0 }, "geometry": { "type": "Point", "coordinates": [ -121.874953, 37.71056 ] } },
{ "type": "Feature", "properties": { "ID": 307012, "Access Days Time": "24 hours daily", "EV Level1 EVSE Num": null, "EV Level2 EVSE Num": 2.0, "EV DC Fast Count": null, "Latitude": 37.710152, "Longitude": -121.87491, "geoid_str_": "1 (Tract 4501.02, Alameda, CA)", "total": 2.0 }, "geometry": { "type": "Point", "coordinates": [ -121.87491, 37.710152 ] } },
{ "type": "Feature", "properties": { "ID": 307013, "Access Days Time": "24 hours daily", "EV Level1 EVSE Num": null, "EV Level2 EVSE Num": 1.0, "EV DC Fast Count": null, "Latitude": 37.710487, "Longitude": -121.874756, "geoid_str_": "1 (Tract 4501.02, Alameda, CA)", "total": 1.0 }, "geometry": { "type": "Point", "coordinates": [ -121.874756, 37.710487 ] } },
{ "type": "Feature", "properties": { "ID": 307014, "Access Days Time": "24 hours daily", "EV Level1 EVSE Num": null, "EV Level2 EVSE Num": 2.0, "EV DC Fast Count": null, "Latitude": 37.710343, "Longitude": -121.874617, "geoid_str_": "1 (Tract 4501.02, Alameda, CA)", "total": 2.0 }, "geometry": { "type": "Point", "coordinates": [ -121.874617, 37.710343 ] } },
{ "type": "Feature", "properties": { "ID": 307043, "Access Days Time": "24 hours daily", "EV Level1 EVSE Num": null, "EV Level2 EVSE Num": 2.0, "EV DC Fast Count": null, "Latitude": 37.712362, "Longitude": -121.800596, "geoid_str_": "1 (Tract 4512.02, Alameda, CA)", "total": 2.0 }, "geometry": { "type": "Point", "coordinates": [ -121.800596, 37.712362 ] } },
{ "type": "Feature", "properties": { "ID": 307567, "Access Days Time": "24 hours daily", "EV Level1 EVSE Num": null, "EV Level2 EVSE Num": 2.0, "EV DC Fast Count": null, "Latitude": 37.657221, "Longitude": -121.877473, "geoid_str_": "2 (Tract 4506.07, Alameda, CA)", "total": 2.0 }, "geometry": { "type": "Point", "coordinates": [ -121.877473, 37.657221 ] } },
{ "type": "Feature", "properties": { "ID": 307568, "Access Days Time": "24 hours daily", "EV Level1 EVSE Num": null, "EV Level2 EVSE Num": 2.0, "EV DC Fast Count": null, "Latitude": 37.657198, "Longitude": -121.877564, "geoid_str_": "2 (Tract 4506.07, Alameda, CA)", "total": 2.0 }, "geometry": { "type": "Point", "coordinates": [ -121.877564, 37.657198 ] } },
{ "type": "Feature", "properties": { "ID": 307703, "Access Days Time": "24 hours daily", "EV Level1 EVSE Num": null, "EV Level2 EVSE Num": 2.0, "EV DC Fast Count": null, "Latitude": 37.714681, "Longitude": -121.888436, "geoid_str_": "1 (Tract 4501.02, Alameda, CA)", "total": 2.0 }, "geometry": { "type": "Point", "coordinates": [ -121.888436, 37.714681 ] } },
{ "type": "Feature", "properties": { "ID": 308753, "Access Days Time": "24 hours daily", "EV Level1 EVSE Num": null, "EV Level2 EVSE Num": 2.0, "EV DC Fast Count": null, "Latitude": 37.850452, "Longitude": -122.286958, "geoid_str_": "1 (Tract 4220, Alameda, CA)", "total": 2.0 }, "geometry": { "type": "Point", "coordinates": [ -122.286958, 37.850452 ] } },
{ "type": "Feature", "properties": { "ID": 309028, "Access Days Time": "24 hours daily", "EV Level1 EVSE Num": null, "EV Level2 EVSE Num": 10.0, "EV DC Fast Count": null, "Latitude": 37.6674108, "Longitude": -122.1023842, "geoid_str_": "4 (Tract 4357, Alameda, CA)", "total": 10.0 }, "geometry": { "type": "Point", "coordinates": [ -122.1023842, 37.6674108 ] } },
{ "type": "Feature", "properties": { "ID": 310809, "Access Days Time": "24 hours daily", "EV Level1 EVSE Num": null, "EV Level2 EVSE Num": 1.0, "EV DC Fast Count": null, "Latitude": 37.500393, "Longitude": -121.94491, "geoid_str_": "3 (Tract 4415.25, Alameda, CA)", "total": 1.0 }, "geometry": { "type": "Point", "coordinates": [ -121.94491, 37.500393 ] } },
{ "type": "Feature", "properties": { "ID": 310810, "Access Days Time": "24 hours daily", "EV Level1 EVSE Num": null, "EV Level2 EVSE Num": 2.0, "EV DC Fast Count": null, "Latitude": 37.500366, "Longitude": -121.945, "geoid_str_": "3 (Tract 4415.25, Alameda, CA)", "total": 2.0 }, "geometry": { "type": "Point", "coordinates": [ -121.945, 37.500366 ] } },
{ "type": "Feature", "properties": { "ID": 310811, "Access Days Time": "24 hours daily", "EV Level1 EVSE Num": null, "EV Level2 EVSE Num": 1.0, "EV DC Fast Count": null, "Latitude": 37.5004, "Longitude": -121.944885, "geoid_str_": "3 (Tract 4415.25, Alameda, CA)", "total": 1.0 }, "geometry": { "type": "Point", "coordinates": [ -121.944885, 37.5004 ] } },
{ "type": "Feature", "properties": { "ID": 310812, "Access Days Time": "24 hours daily", "EV Level1 EVSE Num": null, "EV Level2 EVSE Num": 2.0, "EV DC Fast Count": null, "Latitude": 37.500396, "Longitude": -121.944898, "geoid_str_": "3 (Tract 4415.25, Alameda, CA)", "total": 2.0 }, "geometry": { "type": "Point", "coordinates": [ -121.944898, 37.500396 ] } },
{ "type": "Feature", "properties": { "ID": 310813, "Access Days Time": "24 hours daily", "EV Level1 EVSE Num": null, "EV Level2 EVSE Num": 1.0, "EV DC Fast Count": null, "Latitude": 37.500402, "Longitude": -121.94487, "geoid_str_": "3 (Tract 4415.25, Alameda, CA)", "total": 1.0 }, "geometry": { "type": "Point", "coordinates": [ -121.94487, 37.500402 ] } },
{ "type": "Feature", "properties": { "ID": 310931, "Access Days Time": "24 hours daily", "EV Level1 EVSE Num": null, "EV Level2 EVSE Num": 2.0, "EV DC Fast Count": null, "Latitude": 37.708041, "Longitude": -122.117922, "geoid_str_": "1 (Tract 4305, Alameda, CA)", "total": 2.0 }, "geometry": { "type": "Point", "coordinates": [ -122.117922, 37.708041 ] } },
{ "type": "Feature", "properties": { "ID": 311170, "Access Days Time": "Sat: 12:00am-12:00am; Sun: 12:00am-12:00am", "EV Level1 EVSE Num": null, "EV Level2 EVSE Num": 2.0, "EV DC Fast Count": null, "Latitude": 37.724578, "Longitude": -122.239917, "geoid_str_": "4 (Tract 4283.01, Alameda, CA)", "total": 2.0 }, "geometry": { "type": "Point", "coordinates": [ -122.239917, 37.724578 ] } },
{ "type": "Feature", "properties": { "ID": 311171, "Access Days Time": "Sat: 12:00am-12:00am; Sun: 12:00am-12:00am", "EV Level1 EVSE Num": null, "EV Level2 EVSE Num": 2.0, "EV DC Fast Count": null, "Latitude": 37.72453, "Longitude": -122.239877, "geoid_str_": "4 (Tract 4283.01, Alameda, CA)", "total": 2.0 }, "geometry": { "type": "Point", "coordinates": [ -122.239877, 37.72453 ] } },
{ "type": "Feature", "properties": { "ID": 311172, "Access Days Time": "24 hours daily", "EV Level1 EVSE Num": null, "EV Level2 EVSE Num": 2.0, "EV DC Fast Count": null, "Latitude": 37.723087, "Longitude": -122.239542, "geoid_str_": "4 (Tract 4283.01, Alameda, CA)", "total": 2.0 }, "geometry": { "type": "Point", "coordinates": [ -122.239542, 37.723087 ] } },
{ "type": "Feature", "properties": { "ID": 311173, "Access Days Time": "24 hours daily", "EV Level1 EVSE Num": null, "EV Level2 EVSE Num": 2.0, "EV DC Fast Count": null, "Latitude": 37.723108, "Longitude": -122.239526, "geoid_str_": "4 (Tract 4283.01, Alameda, CA)", "total": 2.0 }, "geometry": { "type": "Point", "coordinates": [ -122.239526, 37.723108 ] } },
{ "type": "Feature", "properties": { "ID": 311174, "Access Days Time": "24 hours daily", "EV Level1 EVSE Num": null, "EV Level2 EVSE Num": 2.0, "EV DC Fast Count": null, "Latitude": 37.723123, "Longitude": -122.239547, "geoid_str_": "4 (Tract 4283.01, Alameda, CA)", "total": 2.0 }, "geometry": { "type": "Point", "coordinates": [ -122.239547, 37.723123 ] } },
{ "type": "Feature", "properties": { "ID": 311187, "Access Days Time": "Sat: 12:00am-12:00am; Sun: 12:00am-12:00am", "EV Level1 EVSE Num": null, "EV Level2 EVSE Num": 2.0, "EV DC Fast Count": null, "Latitude": 37.723801, "Longitude": -122.238238, "geoid_str_": "4 (Tract 4283.01, Alameda, CA)", "total": 2.0 }, "geometry": { "type": "Point", "coordinates": [ -122.238238, 37.723801 ] } },
{ "type": "Feature", "properties": { "ID": 311188, "Access Days Time": "Sat: 12:00am-12:00am; Sun: 12:00am-12:00am", "EV Level1 EVSE Num": null, "EV Level2 EVSE Num": 2.0, "EV DC Fast Count": null, "Latitude": 37.72364, "Longitude": -122.238434, "geoid_str_": "4 (Tract 4283.01, Alameda, CA)", "total": 2.0 }, "geometry": { "type": "Point", "coordinates": [ -122.238434, 37.72364 ] } },
{ "type": "Feature", "properties": { "ID": 311440, "Access Days Time": "24 hours daily", "EV Level1 EVSE Num": null, "EV Level2 EVSE Num": 2.0, "EV DC Fast Count": null, "Latitude": 37.768952, "Longitude": -122.238654, "geoid_str_": "1 (Tract 4271, Alameda, CA)", "total": 2.0 }, "geometry": { "type": "Point", "coordinates": [ -122.238654, 37.768952 ] } },
{ "type": "Feature", "properties": { "ID": 312147, "Access Days Time": "24 hours daily", "EV Level1 EVSE Num": null, "EV Level2 EVSE Num": null, "EV DC Fast Count": 8.0, "Latitude": 37.73715, "Longitude": -122.16354, "geoid_str_": "3 (Tract 4104, Alameda, CA)", "total": 8.0 }, "geometry": { "type": "Point", "coordinates": [ -122.16354, 37.73715 ] } },
{ "type": "Feature", "properties": { "ID": 312340, "Access Days Time": "Sat: 12:00am-12:00am; Sun: 12:00am-12:00am", "EV Level1 EVSE Num": null, "EV Level2 EVSE Num": 2.0, "EV DC Fast Count": null, "Latitude": 37.723537, "Longitude": -122.240299, "geoid_str_": "4 (Tract 4283.01, Alameda, CA)", "total": 2.0 }, "geometry": { "type": "Point", "coordinates": [ -122.240299, 37.723537 ] } },
{ "type": "Feature", "properties": { "ID": 314454, "Access Days Time": "24 hours daily. Please check Tesla's online station map to see if an adapter is required at this location.", "EV Level1 EVSE Num": null, "EV Level2 EVSE Num": null, "EV DC Fast Count": 22.0, "Latitude": 37.535895, "Longitude": -122.063079, "geoid_str_": "2 (Tract 4443.01, Alameda, CA)", "total": 22.0 }, "geometry": { "type": "Point", "coordinates": [ -122.063079, 37.535895 ] } },
{ "type": "Feature", "properties": { "ID": 314461, "Access Days Time": "24 hours daily. Please check Tesla's online station map to see if an adapter is required at this location.", "EV Level1 EVSE Num": null, "EV Level2 EVSE Num": null, "EV DC Fast Count": 8.0, "Latitude": 37.554992, "Longitude": -121.9742, "geoid_str_": "2 (Tract 4419.29, Alameda, CA)", "total": 8.0 }, "geometry": { "type": "Point", "coordinates": [ -121.9742, 37.554992 ] } },
{ "type": "Feature", "properties": { "ID": 316458, "Access Days Time": "24 hours daily", "EV Level1 EVSE Num": null, "EV Level2 EVSE Num": 9.0, "EV DC Fast Count": null, "Latitude": 37.709289, "Longitude": -121.906445, "geoid_str_": "1 (Tract 4501.02, Alameda, CA)", "total": 9.0 }, "geometry": { "type": "Point", "coordinates": [ -121.906445, 37.709289 ] } },
{ "type": "Feature", "properties": { "ID": 316741, "Access Days Time": "24 hours daily", "EV Level1 EVSE Num": null, "EV Level2 EVSE Num": null, "EV DC Fast Count": 2.0, "Latitude": 37.50333, "Longitude": -121.979036, "geoid_str_": "2 (Tract 4415.03, Alameda, CA)", "total": 2.0 }, "geometry": { "type": "Point", "coordinates": [ -121.979036, 37.50333 ] } },
{ "type": "Feature", "properties": { "ID": 316808, "Access Days Time": "Sat: 12:00am-12:00am; Sun: 12:00am-12:00am", "EV Level1 EVSE Num": null, "EV Level2 EVSE Num": 2.0, "EV DC Fast Count": null, "Latitude": 37.723699, "Longitude": -122.240076, "geoid_str_": "4 (Tract 4283.01, Alameda, CA)", "total": 2.0 }, "geometry": { "type": "Point", "coordinates": [ -122.240076, 37.723699 ] } },
{ "type": "Feature", "properties": { "ID": 316809, "Access Days Time": "Sat: 12:00am-12:00am; Sun: 12:00am-12:00am", "EV Level1 EVSE Num": null, "EV Level2 EVSE Num": 2.0, "EV DC Fast Count": null, "Latitude": 37.723632, "Longitude": -122.24016, "geoid_str_": "4 (Tract 4283.01, Alameda, CA)", "total": 2.0 }, "geometry": { "type": "Point", "coordinates": [ -122.24016, 37.723632 ] } },
{ "type": "Feature", "properties": { "ID": 318176, "Access Days Time": "24 hours daily. Please check Tesla's online station map to see if an adapter is required at this location.", "EV Level1 EVSE Num": null, "EV Level2 EVSE Num": null, "EV DC Fast Count": 12.0, "Latitude": 37.706368, "Longitude": -121.935006, "geoid_str_": "3 (Tract 4504, Alameda, CA)", "total": 12.0 }, "geometry": { "type": "Point", "coordinates": [ -121.935006, 37.706368 ] } },
{ "type": "Feature", "properties": { "ID": 319743, "Access Days Time": "24 hours daily", "EV Level1 EVSE Num": null, "EV Level2 EVSE Num": 2.0, "EV DC Fast Count": null, "Latitude": 37.684516, "Longitude": -121.768793, "geoid_str_": "1 (Tract 4516.01, Alameda, CA)", "total": 2.0 }, "geometry": { "type": "Point", "coordinates": [ -121.768793, 37.684516 ] } },
{ "type": "Feature", "properties": { "ID": 319830, "Access Days Time": "24 hours daily", "EV Level1 EVSE Num": null, "EV Level2 EVSE Num": 8.0, "EV DC Fast Count": null, "Latitude": 37.69201, "Longitude": -121.91656, "geoid_str_": "4 (Tract 4506.03, Alameda, CA)", "total": 8.0 }, "geometry": { "type": "Point", "coordinates": [ -121.91656, 37.69201 ] } },
{ "type": "Feature", "properties": { "ID": 319917, "Access Days Time": "24 hours daily", "EV Level1 EVSE Num": null, "EV Level2 EVSE Num": 8.0, "EV DC Fast Count": null, "Latitude": 37.69183, "Longitude": -121.91723, "geoid_str_": "4 (Tract 4506.03, Alameda, CA)", "total": 8.0 }, "geometry": { "type": "Point", "coordinates": [ -121.91723, 37.69183 ] } },
{ "type": "Feature", "properties": { "ID": 320724, "Access Days Time": "24 hours daily", "EV Level1 EVSE Num": null, "EV Level2 EVSE Num": 2.0, "EV DC Fast Count": null, "Latitude": 37.658296, "Longitude": -121.878921, "geoid_str_": "2 (Tract 4506.07, Alameda, CA)", "total": 2.0 }, "geometry": { "type": "Point", "coordinates": [ -121.878921, 37.658296 ] } },
{ "type": "Feature", "properties": { "ID": 321139, "Access Days Time": "24 hours daily. Please check Tesla's online station map to see if an adapter is required at this location.", "EV Level1 EVSE Num": null, "EV Level2 EVSE Num": null, "EV DC Fast Count": 12.0, "Latitude": 37.7000242, "Longitude": -121.8710063, "geoid_str_": "1 (Tract 4507.44, Alameda, CA)", "total": 12.0 }, "geometry": { "type": "Point", "coordinates": [ -121.8710063, 37.7000242 ] } },
{ "type": "Feature", "properties": { "ID": 321323, "Access Days Time": "24 hours daily", "EV Level1 EVSE Num": null, "EV Level2 EVSE Num": null, "EV DC Fast Count": 8.0, "Latitude": 37.8521253, "Longitude": -122.2889822, "geoid_str_": "1 (Tract 4220, Alameda, CA)", "total": 8.0 }, "geometry": { "type": "Point", "coordinates": [ -122.2889822, 37.8521253 ] } },
{ "type": "Feature", "properties": { "ID": 322839, "Access Days Time": "24 hours daily. Please check Tesla's online station map to see if an adapter is required at this location.", "EV Level1 EVSE Num": null, "EV Level2 EVSE Num": null, "EV DC Fast Count": 16.0, "Latitude": 37.696161, "Longitude": -121.844205, "geoid_str_": "3 (Tract 4513, Alameda, CA)", "total": 16.0 }, "geometry": { "type": "Point", "coordinates": [ -121.844205, 37.696161 ] } },
{ "type": "Feature", "properties": { "ID": 323427, "Access Days Time": "24 hours daily", "EV Level1 EVSE Num": null, "EV Level2 EVSE Num": 1.0, "EV DC Fast Count": null, "Latitude": 37.777699, "Longitude": -122.297978, "geoid_str_": "2 (Tract 4287, Alameda, CA)", "total": 1.0 }, "geometry": { "type": "Point", "coordinates": [ -122.297978, 37.777699 ] } },
{ "type": "Feature", "properties": { "ID": 323428, "Access Days Time": "24 hours daily", "EV Level1 EVSE Num": null, "EV Level2 EVSE Num": 2.0, "EV DC Fast Count": null, "Latitude": 37.777896, "Longitude": -122.298, "geoid_str_": "2 (Tract 4287, Alameda, CA)", "total": 2.0 }, "geometry": { "type": "Point", "coordinates": [ -122.298, 37.777896 ] } },
{ "type": "Feature", "properties": { "ID": 323429, "Access Days Time": "24 hours daily", "EV Level1 EVSE Num": null, "EV Level2 EVSE Num": 2.0, "EV DC Fast Count": null, "Latitude": 37.777752, "Longitude": -122.297969, "geoid_str_": "2 (Tract 4287, Alameda, CA)", "total": 2.0 }, "geometry": { "type": "Point", "coordinates": [ -122.297969, 37.777752 ] } },
{ "type": "Feature", "properties": { "ID": 323430, "Access Days Time": "24 hours daily", "EV Level1 EVSE Num": null, "EV Level2 EVSE Num": 2.0, "EV DC Fast Count": null, "Latitude": 37.777839, "Longitude": -122.297998, "geoid_str_": "2 (Tract 4287, Alameda, CA)", "total": 2.0 }, "geometry": { "type": "Point", "coordinates": [ -122.297998, 37.777839 ] } },
{ "type": "Feature", "properties": { "ID": 323431, "Access Days Time": "24 hours daily", "EV Level1 EVSE Num": null, "EV Level2 EVSE Num": 2.0, "EV DC Fast Count": null, "Latitude": 37.77783, "Longitude": -122.29801, "geoid_str_": "2 (Tract 4287, Alameda, CA)", "total": 2.0 }, "geometry": { "type": "Point", "coordinates": [ -122.29801, 37.77783 ] } },
{ "type": "Feature", "properties": { "ID": 323731, "Access Days Time": "24 hours daily", "EV Level1 EVSE Num": null, "EV Level2 EVSE Num": 1.0, "EV DC Fast Count": null, "Latitude": 37.777642, "Longitude": -122.29806, "geoid_str_": "2 (Tract 4287, Alameda, CA)", "total": 1.0 }, "geometry": { "type": "Point", "coordinates": [ -122.29806, 37.777642 ] } },
{ "type": "Feature", "properties": { "ID": 323782, "Access Days Time": "24 hours daily", "EV Level1 EVSE Num": null, "EV Level2 EVSE Num": null, "EV DC Fast Count": 10.0, "Latitude": 37.71875, "Longitude": -121.72504, "geoid_str_": "3 (Tract 4512.02, Alameda, CA)", "total": 10.0 }, "geometry": { "type": "Point", "coordinates": [ -121.72504, 37.71875 ] } },
{ "type": "Feature", "properties": { "ID": 326092, "Access Days Time": "24 hours daily", "EV Level1 EVSE Num": null, "EV Level2 EVSE Num": null, "EV DC Fast Count": 6.0, "Latitude": 37.522757796876, "Longitude": -122.00455411674101, "geoid_str_": "2 (Tract 4446.02, Alameda, CA)", "total": 6.0 }, "geometry": { "type": "Point", "coordinates": [ -122.004554116741005, 37.522757796876 ] } },
{ "type": "Feature", "properties": { "ID": 326164, "Access Days Time": "24 hours daily. Please check Tesla's online station map to see if an adapter is required at this location.", "EV Level1 EVSE Num": null, "EV Level2 EVSE Num": null, "EV DC Fast Count": 8.0, "Latitude": 37.4764942, "Longitude": -121.9212998, "geoid_str_": "2 (Tract 4433.22, Alameda, CA)", "total": 8.0 }, "geometry": { "type": "Point", "coordinates": [ -121.9212998, 37.4764942 ] } },
{ "type": "Feature", "properties": { "ID": 326527, "Access Days Time": "24 hours daily", "EV Level1 EVSE Num": null, "EV Level2 EVSE Num": 2.0, "EV DC Fast Count": null, "Latitude": 37.804303, "Longitude": -122.275917, "geoid_str_": "1 (Tract 4031, Alameda, CA)", "total": 2.0 }, "geometry": { "type": "Point", "coordinates": [ -122.275917, 37.804303 ] } },
{ "type": "Feature", "properties": { "ID": 326528, "Access Days Time": "24 hours daily", "EV Level1 EVSE Num": null, "EV Level2 EVSE Num": 2.0, "EV DC Fast Count": null, "Latitude": 37.804294, "Longitude": -122.276111, "geoid_str_": "1 (Tract 4031, Alameda, CA)", "total": 2.0 }, "geometry": { "type": "Point", "coordinates": [ -122.276111, 37.804294 ] } },
{ "type": "Feature", "properties": { "ID": 326529, "Access Days Time": "24 hours daily", "EV Level1 EVSE Num": null, "EV Level2 EVSE Num": 2.0, "EV DC Fast Count": null, "Latitude": 37.804311, "Longitude": -122.276019, "geoid_str_": "1 (Tract 4031, Alameda, CA)", "total": 2.0 }, "geometry": { "type": "Point", "coordinates": [ -122.276019, 37.804311 ] } },
{ "type": "Feature", "properties": { "ID": 326530, "Access Days Time": "24 hours daily", "EV Level1 EVSE Num": null, "EV Level2 EVSE Num": 2.0, "EV DC Fast Count": null, "Latitude": 37.803158, "Longitude": -122.277565, "geoid_str_": "1 (Tract 4031, Alameda, CA)", "total": 2.0 }, "geometry": { "type": "Point", "coordinates": [ -122.277565, 37.803158 ] } },
{ "type": "Feature", "properties": { "ID": 328294, "Access Days Time": "24 hours daily", "EV Level1 EVSE Num": null, "EV Level2 EVSE Num": 2.0, "EV DC Fast Count": null, "Latitude": 37.626294, "Longitude": -122.123631, "geoid_str_": "1 (Tract 4371.01, Alameda, CA)", "total": 2.0 }, "geometry": { "type": "Point", "coordinates": [ -122.123631, 37.626294 ] } },
{ "type": "Feature", "properties": { "ID": 328295, "Access Days Time": "24 hours daily", "EV Level1 EVSE Num": null, "EV Level2 EVSE Num": 2.0, "EV DC Fast Count": null, "Latitude": 37.626239, "Longitude": -122.123629, "geoid_str_": "1 (Tract 4371.01, Alameda, CA)", "total": 2.0 }, "geometry": { "type": "Point", "coordinates": [ -122.123629, 37.626239 ] } },
{ "type": "Feature", "properties": { "ID": 328296, "Access Days Time": "24 hours daily", "EV Level1 EVSE Num": null, "EV Level2 EVSE Num": 2.0, "EV DC Fast Count": null, "Latitude": 37.626197, "Longitude": -122.123607, "geoid_str_": "1 (Tract 4371.01, Alameda, CA)", "total": 2.0 }, "geometry": { "type": "Point", "coordinates": [ -122.123607, 37.626197 ] } },
{ "type": "Feature", "properties": { "ID": 328297, "Access Days Time": "24 hours daily", "EV Level1 EVSE Num": null, "EV Level2 EVSE Num": 2.0, "EV DC Fast Count": null, "Latitude": 37.626152, "Longitude": -122.123628, "geoid_str_": "1 (Tract 4371.01, Alameda, CA)", "total": 2.0 }, "geometry": { "type": "Point", "coordinates": [ -122.123628, 37.626152 ] } },
{ "type": "Feature", "properties": { "ID": 329760, "Access Days Time": "24 hours daily", "EV Level1 EVSE Num": null, "EV Level2 EVSE Num": null, "EV DC Fast Count": 6.0, "Latitude": 37.6646595, "Longitude": -122.11721, "geoid_str_": "4 (Tract 4369, Alameda, CA)", "total": 6.0 }, "geometry": { "type": "Point", "coordinates": [ -122.11721, 37.6646595 ] } },
{ "type": "Feature", "properties": { "ID": 329781, "Access Days Time": "24 hours daily", "EV Level1 EVSE Num": null, "EV Level2 EVSE Num": 2.0, "EV DC Fast Count": null, "Latitude": 37.765146, "Longitude": -122.243696, "geoid_str_": "1 (Tract 4280, Alameda, CA)", "total": 2.0 }, "geometry": { "type": "Point", "coordinates": [ -122.243696, 37.765146 ] } },
{ "type": "Feature", "properties": { "ID": 329787, "Access Days Time": "24 hours daily", "EV Level1 EVSE Num": null, "EV Level2 EVSE Num": 2.0, "EV DC Fast Count": null, "Latitude": 37.500344, "Longitude": -121.945074, "geoid_str_": "3 (Tract 4415.25, Alameda, CA)", "total": 2.0 }, "geometry": { "type": "Point", "coordinates": [ -121.945074, 37.500344 ] } },
{ "type": "Feature", "properties": { "ID": 329788, "Access Days Time": "24 hours daily", "EV Level1 EVSE Num": null, "EV Level2 EVSE Num": 2.0, "EV DC Fast Count": null, "Latitude": 37.500364, "Longitude": -121.945114, "geoid_str_": "3 (Tract 4415.25, Alameda, CA)", "total": 2.0 }, "geometry": { "type": "Point", "coordinates": [ -121.945114, 37.500364 ] } },
{ "type": "Feature", "properties": { "ID": 330765, "Access Days Time": "24 hours daily", "EV Level1 EVSE Num": null, "EV Level2 EVSE Num": 2.0, "EV DC Fast Count": null, "Latitude": 37.707042, "Longitude": -121.897877, "geoid_str_": "1 (Tract 4501.02, Alameda, CA)", "total": 2.0 }, "geometry": { "type": "Point", "coordinates": [ -121.897877, 37.707042 ] } },
{ "type": "Feature", "properties": { "ID": 331155, "Access Days Time": "24 hours daily", "EV Level1 EVSE Num": null, "EV Level2 EVSE Num": 2.0, "EV DC Fast Count": null, "Latitude": 37.708296, "Longitude": -121.897697, "geoid_str_": "1 (Tract 4501.02, Alameda, CA)", "total": 2.0 }, "geometry": { "type": "Point", "coordinates": [ -121.897697, 37.708296 ] } },
{ "type": "Feature", "properties": { "ID": 331163, "Access Days Time": "24 hours daily", "EV Level1 EVSE Num": null, "EV Level2 EVSE Num": 2.0, "EV DC Fast Count": null, "Latitude": 37.706967, "Longitude": -121.895515, "geoid_str_": "1 (Tract 4501.02, Alameda, CA)", "total": 2.0 }, "geometry": { "type": "Point", "coordinates": [ -121.895515, 37.706967 ] } },
{ "type": "Feature", "properties": { "ID": 331164, "Access Days Time": "24 hours daily", "EV Level1 EVSE Num": null, "EV Level2 EVSE Num": 2.0, "EV DC Fast Count": null, "Latitude": 37.707511, "Longitude": -121.894125, "geoid_str_": "1 (Tract 4501.02, Alameda, CA)", "total": 2.0 }, "geometry": { "type": "Point", "coordinates": [ -121.894125, 37.707511 ] } },
{ "type": "Feature", "properties": { "ID": 331216, "Access Days Time": "24 hours daily", "EV Level1 EVSE Num": null, "EV Level2 EVSE Num": 8.0, "EV DC Fast Count": null, "Latitude": 37.479089725893104, "Longitude": -121.92396389175858, "geoid_str_": "2 (Tract 4415.03, Alameda, CA)", "total": 8.0 }, "geometry": { "type": "Point", "coordinates": [ -121.923963891758575, 37.479089725893104 ] } },
{ "type": "Feature", "properties": { "ID": 331450, "Access Days Time": "24 hours daily", "EV Level1 EVSE Num": null, "EV Level2 EVSE Num": 2.0, "EV DC Fast Count": null, "Latitude": 37.695036, "Longitude": -122.077999, "geoid_str_": "2 (Tract 4310, Alameda, CA)", "total": 2.0 }, "geometry": { "type": "Point", "coordinates": [ -122.077999, 37.695036 ] } },
{ "type": "Feature", "properties": { "ID": 331822, "Access Days Time": "24 hours daily. Please check Tesla's online station map to see if an adapter is required at this location.", "EV Level1 EVSE Num": null, "EV Level2 EVSE Num": null, "EV DC Fast Count": 20.0, "Latitude": 37.65316, "Longitude": -122.090452, "geoid_str_": "1 (Tract 4368, Alameda, CA)", "total": 20.0 }, "geometry": { "type": "Point", "coordinates": [ -122.090452, 37.65316 ] } },
{ "type": "Feature", "properties": { "ID": 332103, "Access Days Time": "Sat: 12:00am-12:00am; Sun: 12:00am-12:00am", "EV Level1 EVSE Num": null, "EV Level2 EVSE Num": 2.0, "EV DC Fast Count": null, "Latitude": 37.724042, "Longitude": -122.241378, "geoid_str_": "4 (Tract 4283.01, Alameda, CA)", "total": 2.0 }, "geometry": { "type": "Point", "coordinates": [ -122.241378, 37.724042 ] } },
{ "type": "Feature", "properties": { "ID": 332557, "Access Days Time": "Sat: 12:00am-12:00am; Sun: 12:00am-12:00am", "EV Level1 EVSE Num": null, "EV Level2 EVSE Num": 1.0, "EV DC Fast Count": null, "Latitude": 37.724042, "Longitude": -122.241389, "geoid_str_": "4 (Tract 4283.01, Alameda, CA)", "total": 1.0 }, "geometry": { "type": "Point", "coordinates": [ -122.241389, 37.724042 ] } },
{ "type": "Feature", "properties": { "ID": 333006, "Access Days Time": null, "EV Level1 EVSE Num": null, "EV Level2 EVSE Num": 2.0, "EV DC Fast Count": null, "Latitude": 37.52343, "Longitude": -121.991509, "geoid_str_": "1 (Tract 4446.02, Alameda, CA)", "total": 2.0 }, "geometry": { "type": "Point", "coordinates": [ -121.991509, 37.52343 ] } },
{ "type": "Feature", "properties": { "ID": 333026, "Access Days Time": null, "EV Level1 EVSE Num": null, "EV Level2 EVSE Num": null, "EV DC Fast Count": 2.0, "Latitude": 37.8621355, "Longitude": -122.2901768, "geoid_str_": "2 (Tract 4232, Alameda, CA)", "total": 2.0 }, "geometry": { "type": "Point", "coordinates": [ -122.2901768, 37.8621355 ] } },
{ "type": "Feature", "properties": { "ID": 333164, "Access Days Time": null, "EV Level1 EVSE Num": null, "EV Level2 EVSE Num": 4.0, "EV DC Fast Count": null, "Latitude": 37.7168316, "Longitude": -121.9308671, "geoid_str_": "2 (Tract 4504, Alameda, CA)", "total": 4.0 }, "geometry": { "type": "Point", "coordinates": [ -121.9308671, 37.7168316 ] } },
{ "type": "Feature", "properties": { "ID": 334030, "Access Days Time": "24 hours daily", "EV Level1 EVSE Num": null, "EV Level2 EVSE Num": 10.0, "EV DC Fast Count": null, "Latitude": 37.7772785, "Longitude": -122.2608691, "geoid_str_": "2 (Tract 4273, Alameda, CA)", "total": 10.0 }, "geometry": { "type": "Point", "coordinates": [ -122.2608691, 37.7772785 ] } },
{ "type": "Feature", "properties": { "ID": 334175, "Access Days Time": "24 hours daily", "EV Level1 EVSE Num": null, "EV Level2 EVSE Num": 4.0, "EV DC Fast Count": null, "Latitude": 37.466775, "Longitude": -121.93554, "geoid_str_": "2 (Tract 4415.03, Alameda, CA)", "total": 4.0 }, "geometry": { "type": "Point", "coordinates": [ -121.93554, 37.466775 ] } },
{ "type": "Feature", "properties": { "ID": 334598, "Access Days Time": null, "EV Level1 EVSE Num": null, "EV Level2 EVSE Num": 4.0, "EV DC Fast Count": null, "Latitude": 37.7191942, "Longitude": -121.8434106, "geoid_str_": "1 (Tract 4507.51, Alameda, CA)", "total": 4.0 }, "geometry": { "type": "Point", "coordinates": [ -121.8434106, 37.7191942 ] } },
{ "type": "Feature", "properties": { "ID": 334599, "Access Days Time": null, "EV Level1 EVSE Num": null, "EV Level2 EVSE Num": 4.0, "EV DC Fast Count": null, "Latitude": 37.709355, "Longitude": -121.920266, "geoid_str_": "3 (Tract 4503, Alameda, CA)", "total": 4.0 }, "geometry": { "type": "Point", "coordinates": [ -121.920266, 37.709355 ] } },
{ "type": "Feature", "properties": { "ID": 334600, "Access Days Time": null, "EV Level1 EVSE Num": null, "EV Level2 EVSE Num": 4.0, "EV DC Fast Count": null, "Latitude": 37.7145892, "Longitude": -121.9360355, "geoid_str_": "4 (Tract 4504, Alameda, CA)", "total": 4.0 }, "geometry": { "type": "Point", "coordinates": [ -121.9360355, 37.7145892 ] } },
{ "type": "Feature", "properties": { "ID": 334601, "Access Days Time": null, "EV Level1 EVSE Num": null, "EV Level2 EVSE Num": 6.0, "EV DC Fast Count": null, "Latitude": 37.7156777, "Longitude": -121.8659138, "geoid_str_": "2 (Tract 4507.51, Alameda, CA)", "total": 6.0 }, "geometry": { "type": "Point", "coordinates": [ -121.8659138, 37.7156777 ] } },
{ "type": "Feature", "properties": { "ID": 334602, "Access Days Time": null, "EV Level1 EVSE Num": null, "EV Level2 EVSE Num": 4.0, "EV DC Fast Count": null, "Latitude": 37.715441, "Longitude": -121.923832, "geoid_str_": "1 (Tract 4503, Alameda, CA)", "total": 4.0 }, "geometry": { "type": "Point", "coordinates": [ -121.923832, 37.715441 ] } },
{ "type": "Feature", "properties": { "ID": 334603, "Access Days Time": null, "EV Level1 EVSE Num": null, "EV Level2 EVSE Num": 4.0, "EV DC Fast Count": null, "Latitude": 37.7101944, "Longitude": -121.8842109, "geoid_str_": "1 (Tract 4501.02, Alameda, CA)", "total": 4.0 }, "geometry": { "type": "Point", "coordinates": [ -121.8842109, 37.7101944 ] } },
{ "type": "Feature", "properties": { "ID": 334604, "Access Days Time": null, "EV Level1 EVSE Num": null, "EV Level2 EVSE Num": 4.0, "EV DC Fast Count": null, "Latitude": 37.7193366, "Longitude": -121.8627766, "geoid_str_": "1 (Tract 4507.52, Alameda, CA)", "total": 4.0 }, "geometry": { "type": "Point", "coordinates": [ -121.8627766, 37.7193366 ] } },
{ "type": "Feature", "properties": { "ID": 334605, "Access Days Time": null, "EV Level1 EVSE Num": null, "EV Level2 EVSE Num": 4.0, "EV DC Fast Count": null, "Latitude": 37.712532, "Longitude": -121.8577955, "geoid_str_": "2 (Tract 4507.51, Alameda, CA)", "total": 4.0 }, "geometry": { "type": "Point", "coordinates": [ -121.8577955, 37.712532 ] } },
{ "type": "Feature", "properties": { "ID": 334606, "Access Days Time": null, "EV Level1 EVSE Num": null, "EV Level2 EVSE Num": 4.0, "EV DC Fast Count": null, "Latitude": 37.722416, "Longitude": -121.9333894, "geoid_str_": "1 (Tract 4504, Alameda, CA)", "total": 4.0 }, "geometry": { "type": "Point", "coordinates": [ -121.9333894, 37.722416 ] } },
{ "type": "Feature", "properties": { "ID": 334607, "Access Days Time": null, "EV Level1 EVSE Num": null, "EV Level2 EVSE Num": 4.0, "EV DC Fast Count": null, "Latitude": 37.7112479, "Longitude": -121.9191327, "geoid_str_": "3 (Tract 4503, Alameda, CA)", "total": 4.0 }, "geometry": { "type": "Point", "coordinates": [ -121.9191327, 37.7112479 ] } },
{ "type": "Feature", "properties": { "ID": 335466, "Access Days Time": "24 hours daily", "EV Level1 EVSE Num": null, "EV Level2 EVSE Num": 4.0, "EV DC Fast Count": null, "Latitude": 37.787245023903616, "Longitude": -122.18491297824468, "geoid_str_": "2 (Tract 4079, Alameda, CA)", "total": 4.0 }, "geometry": { "type": "Point", "coordinates": [ -122.184912978244682, 37.787245023903616 ] } },
{ "type": "Feature", "properties": { "ID": 346177, "Access Days Time": "24 hours daily", "EV Level1 EVSE Num": null, "EV Level2 EVSE Num": null, "EV DC Fast Count": 10.0, "Latitude": 37.862709, "Longitude": -122.297815, "geoid_str_": "1 (Tract 4220, Alameda, CA)", "total": 10.0 }, "geometry": { "type": "Point", "coordinates": [ -122.297815, 37.862709 ] } },
{ "type": "Feature", "properties": { "ID": 346396, "Access Days Time": "24 hours daily", "EV Level1 EVSE Num": null, "EV Level2 EVSE Num": 2.0, "EV DC Fast Count": null, "Latitude": 37.66948, "Longitude": -121.856827, "geoid_str_": "3 (Tract 4507.42, Alameda, CA)", "total": 2.0 }, "geometry": { "type": "Point", "coordinates": [ -121.856827, 37.66948 ] } },
{ "type": "Feature", "properties": { "ID": 346397, "Access Days Time": "24 hours daily", "EV Level1 EVSE Num": null, "EV Level2 EVSE Num": 2.0, "EV DC Fast Count": null, "Latitude": 37.668909, "Longitude": -121.856282, "geoid_str_": "3 (Tract 4507.42, Alameda, CA)", "total": 2.0 }, "geometry": { "type": "Point", "coordinates": [ -121.856282, 37.668909 ] } },
{ "type": "Feature", "properties": { "ID": 346630, "Access Days Time": "24 hours daily", "EV Level1 EVSE Num": null, "EV Level2 EVSE Num": 2.0, "EV DC Fast Count": null, "Latitude": 37.6709, "Longitude": -122.085691, "geoid_str_": "3 (Tract 4354, Alameda, CA)", "total": 2.0 }, "geometry": { "type": "Point", "coordinates": [ -122.085691, 37.6709 ] } },
{ "type": "Feature", "properties": { "ID": 347199, "Access Days Time": "24 hours daily. Please check Tesla's online station map to see if an adapter is required at this location.", "EV Level1 EVSE Num": null, "EV Level2 EVSE Num": null, "EV DC Fast Count": 12.0, "Latitude": 37.5619453, "Longitude": -122.008309, "geoid_str_": "2 (Tract 4417.02, Alameda, CA)", "total": 12.0 }, "geometry": { "type": "Point", "coordinates": [ -122.008309, 37.5619453 ] } },
{ "type": "Feature", "properties": { "ID": 347604, "Access Days Time": "24 hours daily. Please check Tesla's online station map to see if an adapter is required at this location.", "EV Level1 EVSE Num": null, "EV Level2 EVSE Num": null, "EV DC Fast Count": 12.0, "Latitude": 37.53889, "Longitude": -122.033375, "geoid_str_": "2 (Tract 4444, Alameda, CA)", "total": 12.0 }, "geometry": { "type": "Point", "coordinates": [ -122.033375, 37.53889 ] } },
{ "type": "Feature", "properties": { "ID": 347681, "Access Days Time": "24 hours daily", "EV Level1 EVSE Num": null, "EV Level2 EVSE Num": 8.0, "EV DC Fast Count": null, "Latitude": 37.8393639, "Longitude": -122.2989698, "geoid_str_": "1 (Tract 4251.01, Alameda, CA)", "total": 8.0 }, "geometry": { "type": "Point", "coordinates": [ -122.2989698, 37.8393639 ] } },
{ "type": "Feature", "properties": { "ID": 348812, "Access Days Time": null, "EV Level1 EVSE Num": null, "EV Level2 EVSE Num": null, "EV DC Fast Count": 2.0, "Latitude": 37.80833, "Longitude": -122.26681, "geoid_str_": "1 (Tract 4029, Alameda, CA)", "total": 2.0 }, "geometry": { "type": "Point", "coordinates": [ -122.26681, 37.80833 ] } },
{ "type": "Feature", "properties": { "ID": 351254, "Access Days Time": "24 hours daily", "EV Level1 EVSE Num": null, "EV Level2 EVSE Num": null, "EV DC Fast Count": 12.0, "Latitude": 37.483232, "Longitude": -121.939489, "geoid_str_": "2 (Tract 4415.03, Alameda, CA)", "total": 12.0 }, "geometry": { "type": "Point", "coordinates": [ -121.939489, 37.483232 ] } },
{ "type": "Feature", "properties": { "ID": 351330, "Access Days Time": "24 hours daily", "EV Level1 EVSE Num": null, "EV Level2 EVSE Num": 2.0, "EV DC Fast Count": null, "Latitude": 37.628915, "Longitude": -122.04667, "geoid_str_": "1 (Tract 4381, Alameda, CA)", "total": 2.0 }, "geometry": { "type": "Point", "coordinates": [ -122.04667, 37.628915 ] } },
{ "type": "Feature", "properties": { "ID": 351331, "Access Days Time": "24 hours daily", "EV Level1 EVSE Num": null, "EV Level2 EVSE Num": 2.0, "EV DC Fast Count": null, "Latitude": 37.628869, "Longitude": -122.046724, "geoid_str_": "1 (Tract 4381, Alameda, CA)", "total": 2.0 }, "geometry": { "type": "Point", "coordinates": [ -122.046724, 37.628869 ] } },
{ "type": "Feature", "properties": { "ID": 352253, "Access Days Time": "Mon: 5:00am-7:00pm; Tue: 5:00am-7:00pm; Wed: 5:00am-7:00pm; Thu: 5:00am-7:00pm; Fri: 5:00am-7:00pm; Sat: 12:00am-12:00am; Sun: 12:00am-12:00am", "EV Level1 EVSE Num": null, "EV Level2 EVSE Num": 1.0, "EV DC Fast Count": null, "Latitude": 37.686363, "Longitude": -121.896286, "geoid_str_": "2 (Tract 4507.43, Alameda, CA)", "total": 1.0 }, "geometry": { "type": "Point", "coordinates": [ -121.896286, 37.686363 ] } },
{ "type": "Feature", "properties": { "ID": 352254, "Access Days Time": "Mon: 5:00am-7:00pm; Tue: 5:00am-7:00pm; Wed: 5:00am-7:00pm; Thu: 5:00am-7:00pm; Fri: 5:00am-7:00pm; Sat: 12:00am-12:00am; Sun: 12:00am-12:00am", "EV Level1 EVSE Num": null, "EV Level2 EVSE Num": 1.0, "EV DC Fast Count": null, "Latitude": 37.6863, "Longitude": -121.896319, "geoid_str_": "2 (Tract 4507.43, Alameda, CA)", "total": 1.0 }, "geometry": { "type": "Point", "coordinates": [ -121.896319, 37.6863 ] } },
{ "type": "Feature", "properties": { "ID": 352255, "Access Days Time": "Mon: 5:00am-7:00pm; Tue: 5:00am-7:00pm; Wed: 5:00am-7:00pm; Thu: 5:00am-7:00pm; Fri: 5:00am-7:00pm; Sat: 12:00am-12:00am; Sun: 12:00am-12:00am", "EV Level1 EVSE Num": null, "EV Level2 EVSE Num": 2.0, "EV DC Fast Count": null, "Latitude": 37.686329, "Longitude": -121.896302, "geoid_str_": "2 (Tract 4507.43, Alameda, CA)", "total": 2.0 }, "geometry": { "type": "Point", "coordinates": [ -121.896302, 37.686329 ] } },
{ "type": "Feature", "properties": { "ID": 352348, "Access Days Time": "24 hours daily", "EV Level1 EVSE Num": null, "EV Level2 EVSE Num": 36.0, "EV DC Fast Count": null, "Latitude": 37.7465221, "Longitude": -122.2041249, "geoid_str_": "3 (Tract 4090, Alameda, CA)", "total": 36.0 }, "geometry": { "type": "Point", "coordinates": [ -122.2041249, 37.7465221 ] } },
{ "type": "Feature", "properties": { "ID": 352367, "Access Days Time": "24 hours daily", "EV Level1 EVSE Num": null, "EV Level2 EVSE Num": null, "EV DC Fast Count": 8.0, "Latitude": 37.803728, "Longitude": -122.282095, "geoid_str_": "1 (Tract 4026, Alameda, CA)", "total": 8.0 }, "geometry": { "type": "Point", "coordinates": [ -122.282095, 37.803728 ] } },
{ "type": "Feature", "properties": { "ID": 352505, "Access Days Time": "Mon: 6:00am-9:00pm; Tue: 6:00am-9:00pm; Wed: 6:00am-9:00pm; Thu: 6:00am-9:00pm; Fri: 6:00am-9:00pm; Sat: 6:00am-9:00pm; Sun: 6:00am-9:00pm", "EV Level1 EVSE Num": null, "EV Level2 EVSE Num": null, "EV DC Fast Count": 1.0, "Latitude": 37.499468, "Longitude": -121.977587, "geoid_str_": "2 (Tract 4415.03, Alameda, CA)", "total": 1.0 }, "geometry": { "type": "Point", "coordinates": [ -121.977587, 37.499468 ] } },
{ "type": "Feature", "properties": { "ID": 352519, "Access Days Time": "24 hours daily", "EV Level1 EVSE Num": null, "EV Level2 EVSE Num": 2.0, "EV DC Fast Count": null, "Latitude": 37.694894, "Longitude": -122.160448, "geoid_str_": "3 (Tract 4333, Alameda, CA)", "total": 2.0 }, "geometry": { "type": "Point", "coordinates": [ -122.160448, 37.694894 ] } },
{ "type": "Feature", "properties": { "ID": 352520, "Access Days Time": "24 hours daily", "EV Level1 EVSE Num": null, "EV Level2 EVSE Num": 2.0, "EV DC Fast Count": null, "Latitude": 37.694866, "Longitude": -122.160426, "geoid_str_": "3 (Tract 4333, Alameda, CA)", "total": 2.0 }, "geometry": { "type": "Point", "coordinates": [ -122.160426, 37.694866 ] } },
{ "type": "Feature", "properties": { "ID": 352521, "Access Days Time": "24 hours daily", "EV Level1 EVSE Num": null, "EV Level2 EVSE Num": 2.0, "EV DC Fast Count": null, "Latitude": 37.694778, "Longitude": -122.160413, "geoid_str_": "3 (Tract 4333, Alameda, CA)", "total": 2.0 }, "geometry": { "type": "Point", "coordinates": [ -122.160413, 37.694778 ] } },
{ "type": "Feature", "properties": { "ID": 352953, "Access Days Time": "24 hours daily; guests only", "EV Level1 EVSE Num": null, "EV Level2 EVSE Num": 1.0, "EV DC Fast Count": null, "Latitude": 37.693716680347897, "Longitude": -122.088931806247, "geoid_str_": "3 (Tract 4309, Alameda, CA)", "total": 1.0 }, "geometry": { "type": "Point", "coordinates": [ -122.088931806247004, 37.693716680347897 ] } },
{ "type": "Feature", "properties": { "ID": 352954, "Access Days Time": "24 hours daily; customers only", "EV Level1 EVSE Num": null, "EV Level2 EVSE Num": 2.0, "EV DC Fast Count": null, "Latitude": 37.657807040384597, "Longitude": -122.07300440252899, "geoid_str_": "1 (Tract 4365, Alameda, CA)", "total": 2.0 }, "geometry": { "type": "Point", "coordinates": [ -122.073004402528994, 37.657807040384597 ] } },
{ "type": "Feature", "properties": { "ID": 352955, "Access Days Time": "24 hours daily", "EV Level1 EVSE Num": null, "EV Level2 EVSE Num": 1.0, "EV DC Fast Count": null, "Latitude": 37.520775970230403, "Longitude": -121.99574625847499, "geoid_str_": "1 (Tract 4446.02, Alameda, CA)", "total": 1.0 }, "geometry": { "type": "Point", "coordinates": [ -121.995746258474995, 37.520775970230403 ] } },
{ "type": "Feature", "properties": { "ID": 353006, "Access Days Time": "24 hours daily", "EV Level1 EVSE Num": null, "EV Level2 EVSE Num": 2.0, "EV DC Fast Count": null, "Latitude": 37.710919, "Longitude": -121.908846, "geoid_str_": "1 (Tract 4501.02, Alameda, CA)", "total": 2.0 }, "geometry": { "type": "Point", "coordinates": [ -121.908846, 37.710919 ] } },
{ "type": "Feature", "properties": { "ID": 353007, "Access Days Time": "24 hours daily", "EV Level1 EVSE Num": null, "EV Level2 EVSE Num": 2.0, "EV DC Fast Count": null, "Latitude": 37.710921, "Longitude": -121.908823, "geoid_str_": "1 (Tract 4501.02, Alameda, CA)", "total": 2.0 }, "geometry": { "type": "Point", "coordinates": [ -121.908823, 37.710921 ] } },
{ "type": "Feature", "properties": { "ID": 353490, "Access Days Time": "24 hours daily", "EV Level1 EVSE Num": null, "EV Level2 EVSE Num": 32.0, "EV DC Fast Count": null, "Latitude": 37.8068, "Longitude": -122.27157, "geoid_str_": "1 (Tract 4028.01, Alameda, CA)", "total": 32.0 }, "geometry": { "type": "Point", "coordinates": [ -122.27157, 37.8068 ] } },
{ "type": "Feature", "properties": { "ID": 354679, "Access Days Time": "24 hours daily", "EV Level1 EVSE Num": null, "EV Level2 EVSE Num": null, "EV DC Fast Count": 12.0, "Latitude": 37.705665, "Longitude": -121.881183, "geoid_str_": "2 (Tract 4501.01, Alameda, CA)", "total": 12.0 }, "geometry": { "type": "Point", "coordinates": [ -121.881183, 37.705665 ] } },
{ "type": "Feature", "properties": { "ID": 354828, "Access Days Time": "24 hours daily", "EV Level1 EVSE Num": null, "EV Level2 EVSE Num": 2.0, "EV DC Fast Count": null, "Latitude": 37.498547, "Longitude": -121.94565, "geoid_str_": "3 (Tract 4415.25, Alameda, CA)", "total": 2.0 }, "geometry": { "type": "Point", "coordinates": [ -121.94565, 37.498547 ] } },
{ "type": "Feature", "properties": { "ID": 354830, "Access Days Time": "24 hours daily", "EV Level1 EVSE Num": null, "EV Level2 EVSE Num": 2.0, "EV DC Fast Count": null, "Latitude": 37.49894, "Longitude": -121.94522, "geoid_str_": "3 (Tract 4415.25, Alameda, CA)", "total": 2.0 }, "geometry": { "type": "Point", "coordinates": [ -121.94522, 37.49894 ] } },
{ "type": "Feature", "properties": { "ID": 354831, "Access Days Time": "24 hours daily", "EV Level1 EVSE Num": null, "EV Level2 EVSE Num": 1.0, "EV DC Fast Count": null, "Latitude": 37.49896, "Longitude": -121.94523, "geoid_str_": "3 (Tract 4415.25, Alameda, CA)", "total": 1.0 }, "geometry": { "type": "Point", "coordinates": [ -121.94523, 37.49896 ] } },
{ "type": "Feature", "properties": { "ID": 354832, "Access Days Time": "24 hours daily", "EV Level1 EVSE Num": null, "EV Level2 EVSE Num": 2.0, "EV DC Fast Count": null, "Latitude": 37.49898, "Longitude": -121.94522, "geoid_str_": "3 (Tract 4415.25, Alameda, CA)", "total": 2.0 }, "geometry": { "type": "Point", "coordinates": [ -121.94522, 37.49898 ] } },
{ "type": "Feature", "properties": { "ID": 354833, "Access Days Time": "24 hours daily", "EV Level1 EVSE Num": null, "EV Level2 EVSE Num": 1.0, "EV DC Fast Count": null, "Latitude": 37.49883, "Longitude": -121.94499, "geoid_str_": "3 (Tract 4415.25, Alameda, CA)", "total": 1.0 }, "geometry": { "type": "Point", "coordinates": [ -121.94499, 37.49883 ] } },
{ "type": "Feature", "properties": { "ID": 354834, "Access Days Time": "24 hours daily", "EV Level1 EVSE Num": null, "EV Level2 EVSE Num": 2.0, "EV DC Fast Count": null, "Latitude": 37.498554, "Longitude": -121.94554, "geoid_str_": "3 (Tract 4415.25, Alameda, CA)", "total": 2.0 }, "geometry": { "type": "Point", "coordinates": [ -121.94554, 37.498554 ] } },
{ "type": "Feature", "properties": { "ID": 355051, "Access Days Time": "24 hours daily", "EV Level1 EVSE Num": null, "EV Level2 EVSE Num": null, "EV DC Fast Count": 24.0, "Latitude": 37.676517, "Longitude": -121.895761, "geoid_str_": "3 (Tract 4506.05, Alameda, CA)", "total": 24.0 }, "geometry": { "type": "Point", "coordinates": [ -121.895761, 37.676517 ] } },
{ "type": "Feature", "properties": { "ID": 355053, "Access Days Time": "24 hours daily", "EV Level1 EVSE Num": null, "EV Level2 EVSE Num": null, "EV DC Fast Count": 8.0, "Latitude": 37.661325, "Longitude": -121.78001, "geoid_str_": "4 (Tract 4516.02, Alameda, CA)", "total": 8.0 }, "geometry": { "type": "Point", "coordinates": [ -121.78001, 37.661325 ] } },
{ "type": "Feature", "properties": { "ID": 355274, "Access Days Time": "24 hours daily", "EV Level1 EVSE Num": null, "EV Level2 EVSE Num": 1.0, "EV DC Fast Count": null, "Latitude": 37.708114, "Longitude": -121.894685, "geoid_str_": "1 (Tract 4501.02, Alameda, CA)", "total": 1.0 }, "geometry": { "type": "Point", "coordinates": [ -121.894685, 37.708114 ] } },
{ "type": "Feature", "properties": { "ID": 356173, "Access Days Time": "Mon: 5:00am-10:00pm; Tue: 5:00am-10:00pm; Wed: 5:00am-10:00pm; Thu: 5:00am-10:00pm; Fri: 5:00am-10:00pm; Sat: 8:00am-7:00pm; Sun: 8:00am-7:00pm", "EV Level1 EVSE Num": null, "EV Level2 EVSE Num": 24.0, "EV DC Fast Count": null, "Latitude": 37.804995618453049, "Longitude": -122.27319717407228, "geoid_str_": "1 (Tract 4031, Alameda, CA)", "total": 24.0 }, "geometry": { "type": "Point", "coordinates": [ -122.27319717407228, 37.804995618453049 ] } },
{ "type": "Feature", "properties": { "ID": 356344, "Access Days Time": "24 hours daily", "EV Level1 EVSE Num": null, "EV Level2 EVSE Num": 1.0, "EV DC Fast Count": null, "Latitude": 37.557316, "Longitude": -121.952595, "geoid_str_": "1 (Tract 4421, Alameda, CA)", "total": 1.0 }, "geometry": { "type": "Point", "coordinates": [ -121.952595, 37.557316 ] } },
{ "type": "Feature", "properties": { "ID": 356457, "Access Days Time": "24 hours daily", "EV Level1 EVSE Num": null, "EV Level2 EVSE Num": null, "EV DC Fast Count": 16.0, "Latitude": 37.7053607, "Longitude": -121.8767152, "geoid_str_": "2 (Tract 4501.01, Alameda, CA)", "total": 16.0 }, "geometry": { "type": "Point", "coordinates": [ -121.8767152, 37.7053607 ] } },
{ "type": "Feature", "properties": { "ID": 357507, "Access Days Time": "24 hours daily", "EV Level1 EVSE Num": null, "EV Level2 EVSE Num": null, "EV DC Fast Count": 1.0, "Latitude": 37.576492, "Longitude": -121.9708, "geoid_str_": "1 (Tract 4411, Alameda, CA)", "total": 1.0 }, "geometry": { "type": "Point", "coordinates": [ -121.9708, 37.576492 ] } },
{ "type": "Feature", "properties": { "ID": 357975, "Access Days Time": "24 hours daily", "EV Level1 EVSE Num": null, "EV Level2 EVSE Num": 2.0, "EV DC Fast Count": null, "Latitude": 37.708284, "Longitude": -121.894385, "geoid_str_": "1 (Tract 4501.02, Alameda, CA)", "total": 2.0 }, "geometry": { "type": "Point", "coordinates": [ -121.894385, 37.708284 ] } },
{ "type": "Feature", "properties": { "ID": 358480, "Access Days Time": "24 hours daily", "EV Level1 EVSE Num": null, "EV Level2 EVSE Num": 1.0, "EV DC Fast Count": null, "Latitude": 37.678589, "Longitude": -121.87741, "geoid_str_": "2 (Tract 4506.04, Alameda, CA)", "total": 1.0 }, "geometry": { "type": "Point", "coordinates": [ -121.87741, 37.678589 ] } },
{ "type": "Feature", "properties": { "ID": 358482, "Access Days Time": "24 hours daily", "EV Level1 EVSE Num": null, "EV Level2 EVSE Num": 1.0, "EV DC Fast Count": null, "Latitude": 37.662361, "Longitude": -121.862382, "geoid_str_": "2 (Tract 4507.41, Alameda, CA)", "total": 1.0 }, "geometry": { "type": "Point", "coordinates": [ -121.862382, 37.662361 ] } },
{ "type": "Feature", "properties": { "ID": 358483, "Access Days Time": "24 hours daily", "EV Level1 EVSE Num": null, "EV Level2 EVSE Num": 1.0, "EV DC Fast Count": null, "Latitude": 37.678481, "Longitude": -121.876826, "geoid_str_": "2 (Tract 4506.04, Alameda, CA)", "total": 1.0 }, "geometry": { "type": "Point", "coordinates": [ -121.876826, 37.678481 ] } },
{ "type": "Feature", "properties": { "ID": 358484, "Access Days Time": "24 hours daily", "EV Level1 EVSE Num": null, "EV Level2 EVSE Num": 1.0, "EV DC Fast Count": null, "Latitude": 37.662379, "Longitude": -121.862375, "geoid_str_": "2 (Tract 4507.41, Alameda, CA)", "total": 1.0 }, "geometry": { "type": "Point", "coordinates": [ -121.862375, 37.662379 ] } },
{ "type": "Feature", "properties": { "ID": 358556, "Access Days Time": null, "EV Level1 EVSE Num": null, "EV Level2 EVSE Num": 2.0, "EV DC Fast Count": null, "Latitude": 37.8402, "Longitude": -122.29402, "geoid_str_": "3 (Tract 4251.02, Alameda, CA)", "total": 2.0 }, "geometry": { "type": "Point", "coordinates": [ -122.29402, 37.8402 ] } },
{ "type": "Feature", "properties": { "ID": 359150, "Access Days Time": null, "EV Level1 EVSE Num": null, "EV Level2 EVSE Num": 6.0, "EV DC Fast Count": null, "Latitude": 37.494687, "Longitude": -121.931478, "geoid_str_": "1 (Tract 4415.25, Alameda, CA)", "total": 6.0 }, "geometry": { "type": "Point", "coordinates": [ -121.931478, 37.494687 ] } },
{ "type": "Feature", "properties": { "ID": 359444, "Access Days Time": null, "EV Level1 EVSE Num": null, "EV Level2 EVSE Num": 2.0, "EV DC Fast Count": null, "Latitude": 37.524637, "Longitude": -121.99734, "geoid_str_": "1 (Tract 4446.02, Alameda, CA)", "total": 2.0 }, "geometry": { "type": "Point", "coordinates": [ -121.99734, 37.524637 ] } },
{ "type": "Feature", "properties": { "ID": 359802, "Access Days Time": null, "EV Level1 EVSE Num": null, "EV Level2 EVSE Num": 2.0, "EV DC Fast Count": null, "Latitude": 37.697753, "Longitude": -121.838418, "geoid_str_": "3 (Tract 4513, Alameda, CA)", "total": 2.0 }, "geometry": { "type": "Point", "coordinates": [ -121.838418, 37.697753 ] } },
{ "type": "Feature", "properties": { "ID": 359926, "Access Days Time": "24 hours daily", "EV Level1 EVSE Num": null, "EV Level2 EVSE Num": 1.0, "EV DC Fast Count": null, "Latitude": 37.678468, "Longitude": -121.876853, "geoid_str_": "2 (Tract 4506.04, Alameda, CA)", "total": 1.0 }, "geometry": { "type": "Point", "coordinates": [ -121.876853, 37.678468 ] } },
{ "type": "Feature", "properties": { "ID": 359938, "Access Days Time": "24 hours daily", "EV Level1 EVSE Num": null, "EV Level2 EVSE Num": 1.0, "EV DC Fast Count": null, "Latitude": 37.663911, "Longitude": -121.866177, "geoid_str_": "1 (Tract 4507.41, Alameda, CA)", "total": 1.0 }, "geometry": { "type": "Point", "coordinates": [ -121.866177, 37.663911 ] } },
{ "type": "Feature", "properties": { "ID": 359939, "Access Days Time": "24 hours daily", "EV Level1 EVSE Num": null, "EV Level2 EVSE Num": 1.0, "EV DC Fast Count": null, "Latitude": 37.663889, "Longitude": -121.866177, "geoid_str_": "1 (Tract 4507.41, Alameda, CA)", "total": 1.0 }, "geometry": { "type": "Point", "coordinates": [ -121.866177, 37.663889 ] } },
{ "type": "Feature", "properties": { "ID": 359940, "Access Days Time": "24 hours daily", "EV Level1 EVSE Num": null, "EV Level2 EVSE Num": 1.0, "EV DC Fast Count": null, "Latitude": 37.664163, "Longitude": -121.867647, "geoid_str_": "1 (Tract 4507.41, Alameda, CA)", "total": 1.0 }, "geometry": { "type": "Point", "coordinates": [ -121.867647, 37.664163 ] } },
{ "type": "Feature", "properties": { "ID": 359978, "Access Days Time": null, "EV Level1 EVSE Num": null, "EV Level2 EVSE Num": 6.0, "EV DC Fast Count": 2.0, "Latitude": 37.47238516, "Longitude": -121.93953716, "geoid_str_": "2 (Tract 4415.03, Alameda, CA)", "total": 8.0 }, "geometry": { "type": "Point", "coordinates": [ -121.93953716, 37.47238516 ] } },
{ "type": "Feature", "properties": { "ID": 360327, "Access Days Time": "24 hours daily", "EV Level1 EVSE Num": null, "EV Level2 EVSE Num": 1.0, "EV DC Fast Count": null, "Latitude": 37.664166, "Longitude": -121.867654, "geoid_str_": "1 (Tract 4507.41, Alameda, CA)", "total": 1.0 }, "geometry": { "type": "Point", "coordinates": [ -121.867654, 37.664166 ] } },
{ "type": "Feature", "properties": { "ID": 360330, "Access Days Time": "24 hours daily", "EV Level1 EVSE Num": null, "EV Level2 EVSE Num": 1.0, "EV DC Fast Count": null, "Latitude": 37.681295, "Longitude": -121.876043, "geoid_str_": "2 (Tract 4506.04, Alameda, CA)", "total": 1.0 }, "geometry": { "type": "Point", "coordinates": [ -121.876043, 37.681295 ] } },
{ "type": "Feature", "properties": { "ID": 360331, "Access Days Time": "24 hours daily", "EV Level1 EVSE Num": null, "EV Level2 EVSE Num": 1.0, "EV DC Fast Count": null, "Latitude": 37.681294, "Longitude": -121.876033, "geoid_str_": "2 (Tract 4506.04, Alameda, CA)", "total": 1.0 }, "geometry": { "type": "Point", "coordinates": [ -121.876033, 37.681294 ] } },
{ "type": "Feature", "properties": { "ID": 360775, "Access Days Time": "24 hours daily", "EV Level1 EVSE Num": null, "EV Level2 EVSE Num": 4.0, "EV DC Fast Count": null, "Latitude": 37.858179, "Longitude": -122.28965, "geoid_str_": "1 (Tract 4220, Alameda, CA)", "total": 4.0 }, "geometry": { "type": "Point", "coordinates": [ -122.28965, 37.858179 ] } },
{ "type": "Feature", "properties": { "ID": 360779, "Access Days Time": "24 hours daily", "EV Level1 EVSE Num": null, "EV Level2 EVSE Num": 5.0, "EV DC Fast Count": null, "Latitude": 37.65065, "Longitude": -122.06829, "geoid_str_": "2 (Tract 4379, Alameda, CA)", "total": 5.0 }, "geometry": { "type": "Point", "coordinates": [ -122.06829, 37.65065 ] } },
{ "type": "Feature", "properties": { "ID": 360783, "Access Days Time": "24 hours daily", "EV Level1 EVSE Num": null, "EV Level2 EVSE Num": 8.0, "EV DC Fast Count": null, "Latitude": 37.8581676, "Longitude": -122.2896452, "geoid_str_": "1 (Tract 4220, Alameda, CA)", "total": 8.0 }, "geometry": { "type": "Point", "coordinates": [ -122.2896452, 37.8581676 ] } },
{ "type": "Feature", "properties": { "ID": 360789, "Access Days Time": "24 hours daily", "EV Level1 EVSE Num": null, "EV Level2 EVSE Num": 10.0, "EV DC Fast Count": null, "Latitude": 37.85741941, "Longitude": -122.2902654, "geoid_str_": "1 (Tract 4220, Alameda, CA)", "total": 10.0 }, "geometry": { "type": "Point", "coordinates": [ -122.2902654, 37.85741941 ] } },
{ "type": "Feature", "properties": { "ID": 360973, "Access Days Time": "24 hours daily; Also accepts Google Pay", "EV Level1 EVSE Num": null, "EV Level2 EVSE Num": 8.0, "EV DC Fast Count": null, "Latitude": 37.49077, "Longitude": -121.92936, "geoid_str_": "1 (Tract 4415.25, Alameda, CA)", "total": 8.0 }, "geometry": { "type": "Point", "coordinates": [ -121.92936, 37.49077 ] } },
{ "type": "Feature", "properties": { "ID": 367821, "Access Days Time": "24 hours daily", "EV Level1 EVSE Num": null, "EV Level2 EVSE Num": null, "EV DC Fast Count": 9.0, "Latitude": 37.7848604, "Longitude": -122.2717492, "geoid_str_": "2 (Tract 4273, Alameda, CA)", "total": 9.0 }, "geometry": { "type": "Point", "coordinates": [ -122.2717492, 37.7848604 ] } },
{ "type": "Feature", "properties": { "ID": 367841, "Access Days Time": "24 hours daily", "EV Level1 EVSE Num": null, "EV Level2 EVSE Num": 2.0, "EV DC Fast Count": null, "Latitude": 37.624565, "Longitude": -122.127192, "geoid_str_": "1 (Tract 4371.01, Alameda, CA)", "total": 2.0 }, "geometry": { "type": "Point", "coordinates": [ -122.127192, 37.624565 ] } },
{ "type": "Feature", "properties": { "ID": 371372, "Access Days Time": "24 hours daily", "EV Level1 EVSE Num": null, "EV Level2 EVSE Num": 8.0, "EV DC Fast Count": null, "Latitude": 37.7122, "Longitude": -122.16482, "geoid_str_": "1 (Tract 4325.01, Alameda, CA)", "total": 8.0 }, "geometry": { "type": "Point", "coordinates": [ -122.16482, 37.7122 ] } },
{ "type": "Feature", "properties": { "ID": 371418, "Access Days Time": "24 hours daily", "EV Level1 EVSE Num": null, "EV Level2 EVSE Num": 2.0, "EV DC Fast Count": null, "Latitude": 37.498463, "Longitude": -121.94759, "geoid_str_": "3 (Tract 4415.25, Alameda, CA)", "total": 2.0 }, "geometry": { "type": "Point", "coordinates": [ -121.94759, 37.498463 ] } },
{ "type": "Feature", "properties": { "ID": 371419, "Access Days Time": "24 hours daily", "EV Level1 EVSE Num": null, "EV Level2 EVSE Num": 2.0, "EV DC Fast Count": null, "Latitude": 37.499281, "Longitude": -121.947449, "geoid_str_": "3 (Tract 4415.25, Alameda, CA)", "total": 2.0 }, "geometry": { "type": "Point", "coordinates": [ -121.947449, 37.499281 ] } },
{ "type": "Feature", "properties": { "ID": 371420, "Access Days Time": "24 hours daily", "EV Level1 EVSE Num": null, "EV Level2 EVSE Num": 2.0, "EV DC Fast Count": null, "Latitude": 37.499253, "Longitude": -121.947497, "geoid_str_": "3 (Tract 4415.25, Alameda, CA)", "total": 2.0 }, "geometry": { "type": "Point", "coordinates": [ -121.947497, 37.499253 ] } },
{ "type": "Feature", "properties": { "ID": 371485, "Access Days Time": "24 hours daily", "EV Level1 EVSE Num": null, "EV Level2 EVSE Num": null, "EV DC Fast Count": 31.0, "Latitude": 37.804751, "Longitude": -122.275616, "geoid_str_": "1 (Tract 4031, Alameda, CA)", "total": 31.0 }, "geometry": { "type": "Point", "coordinates": [ -122.275616, 37.804751 ] } },
{ "type": "Feature", "properties": { "ID": 371883, "Access Days Time": "24 hours daily", "EV Level1 EVSE Num": null, "EV Level2 EVSE Num": null, "EV DC Fast Count": 10.0, "Latitude": 37.69487, "Longitude": -121.91846, "geoid_str_": "4 (Tract 4506.03, Alameda, CA)", "total": 10.0 }, "geometry": { "type": "Point", "coordinates": [ -121.91846, 37.69487 ] } },
{ "type": "Feature", "properties": { "ID": 372808, "Access Days Time": "24 hours daily", "EV Level1 EVSE Num": null, "EV Level2 EVSE Num": 2.0, "EV DC Fast Count": null, "Latitude": 37.70711, "Longitude": -121.90044, "geoid_str_": "1 (Tract 4501.02, Alameda, CA)", "total": 2.0 }, "geometry": { "type": "Point", "coordinates": [ -121.90044, 37.70711 ] } },
{ "type": "Feature", "properties": { "ID": 373022, "Access Days Time": "24 hours daily", "EV Level1 EVSE Num": null, "EV Level2 EVSE Num": null, "EV DC Fast Count": 4.0, "Latitude": 37.85553, "Longitude": -122.26077, "geoid_str_": "2 (Tract 4239.02, Alameda, CA)", "total": 4.0 }, "geometry": { "type": "Point", "coordinates": [ -122.26077, 37.85553 ] } },
{ "type": "Feature", "properties": { "ID": 373044, "Access Days Time": "24 hours daily", "EV Level1 EVSE Num": null, "EV Level2 EVSE Num": null, "EV DC Fast Count": 10.0, "Latitude": 37.6948221, "Longitude": -121.7451335, "geoid_str_": "1 (Tract 4515.04, Alameda, CA)", "total": 10.0 }, "geometry": { "type": "Point", "coordinates": [ -121.7451335, 37.6948221 ] } },
{ "type": "Feature", "properties": { "ID": 373055, "Access Days Time": "24 hours daily", "EV Level1 EVSE Num": null, "EV Level2 EVSE Num": null, "EV DC Fast Count": 4.0, "Latitude": 37.652308, "Longitude": -121.878425, "geoid_str_": "2 (Tract 4507.01, Alameda, CA)", "total": 4.0 }, "geometry": { "type": "Point", "coordinates": [ -121.878425, 37.652308 ] } },
{ "type": "Feature", "properties": { "ID": 374425, "Access Days Time": "Mon: 6:00am-9:00pm; Tue: 6:00am-9:00pm; Wed: 6:00am-9:00pm; Thu: 6:00am-9:00pm; Fri: 6:00am-9:00pm; Sat: 6:00am-9:00pm; Sun: 6:00am-9:00pm", "EV Level1 EVSE Num": null, "EV Level2 EVSE Num": null, "EV DC Fast Count": 1.0, "Latitude": 37.4994, "Longitude": -121.977872, "geoid_str_": "2 (Tract 4415.03, Alameda, CA)", "total": 1.0 }, "geometry": { "type": "Point", "coordinates": [ -121.977872, 37.4994 ] } },
{ "type": "Feature", "properties": { "ID": 374699, "Access Days Time": "24 hours daily", "EV Level1 EVSE Num": null, "EV Level2 EVSE Num": 4.0, "EV DC Fast Count": null, "Latitude": 37.68419, "Longitude": -121.78564, "geoid_str_": "1 (Tract 4514.04, Alameda, CA)", "total": 4.0 }, "geometry": { "type": "Point", "coordinates": [ -121.78564, 37.68419 ] } },
{ "type": "Feature", "properties": { "ID": 375721, "Access Days Time": "24 hours daily", "EV Level1 EVSE Num": null, "EV Level2 EVSE Num": 2.0, "EV DC Fast Count": null, "Latitude": 37.754126, "Longitude": -122.186417, "geoid_str_": "1 (Tract 4089, Alameda, CA)", "total": 2.0 }, "geometry": { "type": "Point", "coordinates": [ -122.186417, 37.754126 ] } },
{ "type": "Feature", "properties": { "ID": 377556, "Access Days Time": "24 hours daily", "EV Level1 EVSE Num": null, "EV Level2 EVSE Num": 1.0, "EV DC Fast Count": null, "Latitude": 37.698343, "Longitude": -121.812532, "geoid_str_": "3 (Tract 4513, Alameda, CA)", "total": 1.0 }, "geometry": { "type": "Point", "coordinates": [ -121.812532, 37.698343 ] } },
{ "type": "Feature", "properties": { "ID": 377557, "Access Days Time": "24 hours daily", "EV Level1 EVSE Num": null, "EV Level2 EVSE Num": 1.0, "EV DC Fast Count": null, "Latitude": 37.698343, "Longitude": -121.812502, "geoid_str_": "3 (Tract 4513, Alameda, CA)", "total": 1.0 }, "geometry": { "type": "Point", "coordinates": [ -121.812502, 37.698343 ] } },
{ "type": "Feature", "properties": { "ID": 377938, "Access Days Time": "24 hours daily", "EV Level1 EVSE Num": null, "EV Level2 EVSE Num": 2.0, "EV DC Fast Count": null, "Latitude": 37.63295, "Longitude": -122.05252, "geoid_str_": "3 (Tract 4351.04, Alameda, CA)", "total": 2.0 }, "geometry": { "type": "Point", "coordinates": [ -122.05252, 37.63295 ] } },
{ "type": "Feature", "properties": { "ID": 377939, "Access Days Time": "24 hours daily", "EV Level1 EVSE Num": null, "EV Level2 EVSE Num": 2.0, "EV DC Fast Count": null, "Latitude": 37.631775, "Longitude": -122.050446, "geoid_str_": "4 (Tract 4351.04, Alameda, CA)", "total": 2.0 }, "geometry": { "type": "Point", "coordinates": [ -122.050446, 37.631775 ] } },
{ "type": "Feature", "properties": { "ID": 377940, "Access Days Time": "24 hours daily", "EV Level1 EVSE Num": null, "EV Level2 EVSE Num": 1.0, "EV DC Fast Count": null, "Latitude": 37.631805, "Longitude": -122.0504, "geoid_str_": "4 (Tract 4351.04, Alameda, CA)", "total": 1.0 }, "geometry": { "type": "Point", "coordinates": [ -122.0504, 37.631805 ] } },
{ "type": "Feature", "properties": { "ID": 377941, "Access Days Time": "24 hours daily", "EV Level1 EVSE Num": null, "EV Level2 EVSE Num": 2.0, "EV DC Fast Count": null, "Latitude": 37.627445, "Longitude": -122.05061, "geoid_str_": "4 (Tract 4351.04, Alameda, CA)", "total": 2.0 }, "geometry": { "type": "Point", "coordinates": [ -122.05061, 37.627445 ] } },
{ "type": "Feature", "properties": { "ID": 384398, "Access Days Time": "24 hours daily", "EV Level1 EVSE Num": null, "EV Level2 EVSE Num": 4.0, "EV DC Fast Count": null, "Latitude": 37.71621, "Longitude": -121.700571, "geoid_str_": "3 (Tract 4511.04, Alameda, CA)", "total": 4.0 }, "geometry": { "type": "Point", "coordinates": [ -121.700571, 37.71621 ] } },
{ "type": "Feature", "properties": { "ID": 384529, "Access Days Time": "24 hours daily", "EV Level1 EVSE Num": null, "EV Level2 EVSE Num": 2.0, "EV DC Fast Count": null, "Latitude": 37.823043, "Longitude": -122.31153, "geoid_str_": "3 (Tract 4017, Alameda, CA)", "total": 2.0 }, "geometry": { "type": "Point", "coordinates": [ -122.31153, 37.823043 ] } },
{ "type": "Feature", "properties": { "ID": 384734, "Access Days Time": "24 hours daily", "EV Level1 EVSE Num": null, "EV Level2 EVSE Num": 1.0, "EV DC Fast Count": null, "Latitude": 37.86548, "Longitude": -122.268504, "geoid_str_": "2 (Tract 4229.01, Alameda, CA)", "total": 1.0 }, "geometry": { "type": "Point", "coordinates": [ -122.268504, 37.86548 ] } },
{ "type": "Feature", "properties": { "ID": 384735, "Access Days Time": "24 hours daily", "EV Level1 EVSE Num": null, "EV Level2 EVSE Num": 1.0, "EV DC Fast Count": null, "Latitude": 37.862972, "Longitude": -122.266609, "geoid_str_": "1 (Tract 4235, Alameda, CA)", "total": 1.0 }, "geometry": { "type": "Point", "coordinates": [ -122.266609, 37.862972 ] } },
{ "type": "Feature", "properties": { "ID": 384736, "Access Days Time": "24 hours daily", "EV Level1 EVSE Num": null, "EV Level2 EVSE Num": 1.0, "EV DC Fast Count": null, "Latitude": 37.866224, "Longitude": -122.302159, "geoid_str_": "1 (Tract 4220, Alameda, CA)", "total": 1.0 }, "geometry": { "type": "Point", "coordinates": [ -122.302159, 37.866224 ] } },
{ "type": "Feature", "properties": { "ID": 384740, "Access Days Time": "24 hours daily", "EV Level1 EVSE Num": null, "EV Level2 EVSE Num": null, "EV DC Fast Count": 1.0, "Latitude": 37.885078, "Longitude": -122.307565, "geoid_str_": "1 (Tract 4204.02, Alameda, CA)", "total": 1.0 }, "geometry": { "type": "Point", "coordinates": [ -122.307565, 37.885078 ] } },
{ "type": "Feature", "properties": { "ID": 384741, "Access Days Time": "24 hours daily", "EV Level1 EVSE Num": null, "EV Level2 EVSE Num": null, "EV DC Fast Count": 1.0, "Latitude": 37.885032, "Longitude": -122.307531, "geoid_str_": "1 (Tract 4204.02, Alameda, CA)", "total": 1.0 }, "geometry": { "type": "Point", "coordinates": [ -122.307531, 37.885032 ] } },
{ "type": "Feature", "properties": { "ID": 389031, "Access Days Time": "24 hours daily", "EV Level1 EVSE Num": null, "EV Level2 EVSE Num": null, "EV DC Fast Count": 8.0, "Latitude": 37.6658336, "Longitude": -122.109776, "geoid_str_": "1 (Tract 4369, Alameda, CA)", "total": 8.0 }, "geometry": { "type": "Point", "coordinates": [ -122.109776, 37.665833600000013 ] } },
{ "type": "Feature", "properties": { "ID": 391561, "Access Days Time": "24 hours daily", "EV Level1 EVSE Num": null, "EV Level2 EVSE Num": 4.0, "EV DC Fast Count": null, "Latitude": 37.811772682942667, "Longitude": -122.26343071473822, "geoid_str_": "4 (Tract 4035.01, Alameda, CA)", "total": 4.0 }, "geometry": { "type": "Point", "coordinates": [ -122.26343071473822, 37.811772682942667 ] } },
{ "type": "Feature", "properties": { "ID": 395459, "Access Days Time": "Mon: 12:00am-7:00am, 4:00pm-12:00am; Tue: 12:00am-7:00am, 4:00pm-12:00am; Wed: 12:00am-7:00am, 4:00pm-12:00am; Thu: 12:00am-7:00am, 4:00pm-12:00am; Fri: 12:00am-7:00am, 4:00pm-12:00am; Sat: 12:00am-12:00am; Sun: 12:00am-12:00am", "EV Level1 EVSE Num": null, "EV Level2 EVSE Num": 2.0, "EV DC Fast Count": null, "Latitude": 37.65917, "Longitude": -122.098106, "geoid_str_": "2 (Tract 4367, Alameda, CA)", "total": 2.0 }, "geometry": { "type": "Point", "coordinates": [ -122.098106, 37.65917 ] } },
{ "type": "Feature", "properties": { "ID": 395460, "Access Days Time": "Mon: 12:00am-7:00am, 4:00pm-12:00am; Tue: 12:00am-7:00am, 4:00pm-12:00am; Wed: 12:00am-7:00am, 4:00pm-12:00am; Thu: 12:00am-7:00am, 4:00pm-12:00am; Fri: 12:00am-7:00am, 4:00pm-12:00am; Sat: 12:00am-12:00am; Sun: 12:00am-12:00am", "EV Level1 EVSE Num": null, "EV Level2 EVSE Num": 2.0, "EV DC Fast Count": null, "Latitude": 37.659156, "Longitude": -122.098127, "geoid_str_": "2 (Tract 4367, Alameda, CA)", "total": 2.0 }, "geometry": { "type": "Point", "coordinates": [ -122.098127, 37.659156 ] } },
{ "type": "Feature", "properties": { "ID": 395461, "Access Days Time": "Mon: 12:00am-7:00am, 4:00pm-12:00am; Tue: 12:00am-7:00am, 4:00pm-12:00am; Wed: 12:00am-7:00am, 4:00pm-12:00am; Thu: 12:00am-7:00am, 4:00pm-12:00am; Fri: 12:00am-7:00am, 4:00pm-12:00am; Sat: 12:00am-12:00am; Sun: 12:00am-12:00am", "EV Level1 EVSE Num": null, "EV Level2 EVSE Num": 2.0, "EV DC Fast Count": null, "Latitude": 37.659187, "Longitude": -122.098697, "geoid_str_": "2 (Tract 4367, Alameda, CA)", "total": 2.0 }, "geometry": { "type": "Point", "coordinates": [ -122.098697, 37.659187 ] } },
{ "type": "Feature", "properties": { "ID": 395462, "Access Days Time": "Mon: 12:00am-7:00am, 4:00pm-12:00am; Tue: 12:00am-7:00am, 4:00pm-12:00am; Wed: 12:00am-7:00am, 4:00pm-12:00am; Thu: 12:00am-7:00am, 4:00pm-12:00am; Fri: 12:00am-7:00am, 4:00pm-12:00am; Sat: 12:00am-12:00am; Sun: 12:00am-12:00am", "EV Level1 EVSE Num": null, "EV Level2 EVSE Num": 2.0, "EV DC Fast Count": null, "Latitude": 37.659189, "Longitude": -122.098785, "geoid_str_": "2 (Tract 4367, Alameda, CA)", "total": 2.0 }, "geometry": { "type": "Point", "coordinates": [ -122.098785, 37.659189 ] } },
{ "type": "Feature", "properties": { "ID": 395463, "Access Days Time": "Mon: 12:00am-7:00am, 4:00pm-12:00am; Tue: 12:00am-7:00am, 4:00pm-12:00am; Wed: 12:00am-7:00am, 4:00pm-12:00am; Thu: 12:00am-7:00am, 4:00pm-12:00am; Fri: 12:00am-7:00am, 4:00pm-12:00am; Sat: 12:00am-12:00am; Sun: 12:00am-12:00am", "EV Level1 EVSE Num": null, "EV Level2 EVSE Num": 2.0, "EV DC Fast Count": null, "Latitude": 37.65918, "Longitude": -122.098609, "geoid_str_": "2 (Tract 4367, Alameda, CA)", "total": 2.0 }, "geometry": { "type": "Point", "coordinates": [ -122.098609, 37.65918 ] } },
{ "type": "Feature", "properties": { "ID": 395464, "Access Days Time": "Mon: 12:00am-7:00am, 4:00pm-12:00am; Tue: 12:00am-7:00am, 4:00pm-12:00am; Wed: 12:00am-7:00am, 4:00pm-12:00am; Thu: 12:00am-7:00am, 4:00pm-12:00am; Fri: 12:00am-7:00am, 4:00pm-12:00am; Sat: 12:00am-12:00am; Sun: 12:00am-12:00am", "EV Level1 EVSE Num": null, "EV Level2 EVSE Num": 2.0, "EV DC Fast Count": null, "Latitude": 37.659186, "Longitude": -122.098545, "geoid_str_": "2 (Tract 4367, Alameda, CA)", "total": 2.0 }, "geometry": { "type": "Point", "coordinates": [ -122.098545, 37.659186 ] } },
{ "type": "Feature", "properties": { "ID": 395465, "Access Days Time": "Mon: 12:00am-7:00am, 4:00pm-12:00am; Tue: 12:00am-7:00am, 4:00pm-12:00am; Wed: 12:00am-7:00am, 4:00pm-12:00am; Thu: 12:00am-7:00am, 4:00pm-12:00am; Fri: 12:00am-7:00am, 4:00pm-12:00am; Sat: 12:00am-12:00am; Sun: 12:00am-12:00am", "EV Level1 EVSE Num": null, "EV Level2 EVSE Num": 2.0, "EV DC Fast Count": null, "Latitude": 37.659183, "Longitude": -122.098487, "geoid_str_": "2 (Tract 4367, Alameda, CA)", "total": 2.0 }, "geometry": { "type": "Point", "coordinates": [ -122.098487, 37.659183 ] } },
{ "type": "Feature", "properties": { "ID": 395466, "Access Days Time": "Mon: 12:00am-7:00am, 4:00pm-12:00am; Tue: 12:00am-7:00am, 4:00pm-12:00am; Wed: 12:00am-7:00am, 4:00pm-12:00am; Thu: 12:00am-7:00am, 4:00pm-12:00am; Fri: 12:00am-7:00am, 4:00pm-12:00am; Sat: 12:00am-12:00am; Sun: 12:00am-12:00am", "EV Level1 EVSE Num": null, "EV Level2 EVSE Num": 2.0, "EV DC Fast Count": null, "Latitude": 37.659206, "Longitude": -122.098266, "geoid_str_": "2 (Tract 4367, Alameda, CA)", "total": 2.0 }, "geometry": { "type": "Point", "coordinates": [ -122.098266, 37.659206 ] } },
{ "type": "Feature", "properties": { "ID": 395467, "Access Days Time": "Mon: 12:00am-7:00am, 4:00pm-12:00am; Tue: 12:00am-7:00am, 4:00pm-12:00am; Wed: 12:00am-7:00am, 4:00pm-12:00am; Thu: 12:00am-7:00am, 4:00pm-12:00am; Fri: 12:00am-7:00am, 4:00pm-12:00am; Sat: 12:00am-12:00am; Sun: 12:00am-12:00am", "EV Level1 EVSE Num": null, "EV Level2 EVSE Num": 2.0, "EV DC Fast Count": null, "Latitude": 37.659194, "Longitude": -122.098226, "geoid_str_": "2 (Tract 4367, Alameda, CA)", "total": 2.0 }, "geometry": { "type": "Point", "coordinates": [ -122.098226, 37.659194 ] } },
{ "type": "Feature", "properties": { "ID": 395468, "Access Days Time": "Mon: 12:00am-7:00am, 4:00pm-12:00am; Tue: 12:00am-7:00am, 4:00pm-12:00am; Wed: 12:00am-7:00am, 4:00pm-12:00am; Thu: 12:00am-7:00am, 4:00pm-12:00am; Fri: 12:00am-7:00am, 4:00pm-12:00am; Sat: 12:00am-12:00am; Sun: 12:00am-12:00am", "EV Level1 EVSE Num": null, "EV Level2 EVSE Num": 1.0, "EV DC Fast Count": null, "Latitude": 37.659044, "Longitude": -122.098293, "geoid_str_": "2 (Tract 4367, Alameda, CA)", "total": 1.0 }, "geometry": { "type": "Point", "coordinates": [ -122.098293, 37.659044 ] } },
{ "type": "Feature", "properties": { "ID": 395469, "Access Days Time": "Mon: 12:00am-7:00am, 4:00pm-12:00am; Tue: 12:00am-7:00am, 4:00pm-12:00am; Wed: 12:00am-7:00am, 4:00pm-12:00am; Thu: 12:00am-7:00am, 4:00pm-12:00am; Fri: 12:00am-7:00am, 4:00pm-12:00am; Sat: 12:00am-12:00am; Sun: 12:00am-12:00am", "EV Level1 EVSE Num": null, "EV Level2 EVSE Num": 1.0, "EV DC Fast Count": null, "Latitude": 37.659047, "Longitude": -122.098267, "geoid_str_": "2 (Tract 4367, Alameda, CA)", "total": 1.0 }, "geometry": { "type": "Point", "coordinates": [ -122.098267, 37.659047 ] } },
{ "type": "Feature", "properties": { "ID": 395470, "Access Days Time": "Mon: 12:00am-7:00am, 4:00pm-12:00am; Tue: 12:00am-7:00am, 4:00pm-12:00am; Wed: 12:00am-7:00am, 4:00pm-12:00am; Thu: 12:00am-7:00am, 4:00pm-12:00am; Fri: 12:00am-7:00am, 4:00pm-12:00am; Sat: 12:00am-12:00am; Sun: 12:00am-12:00am", "EV Level1 EVSE Num": null, "EV Level2 EVSE Num": 2.0, "EV DC Fast Count": null, "Latitude": 37.659195, "Longitude": -122.09883, "geoid_str_": "2 (Tract 4367, Alameda, CA)", "total": 2.0 }, "geometry": { "type": "Point", "coordinates": [ -122.09883, 37.659195 ] } },
{ "type": "Feature", "properties": { "ID": 395581, "Access Days Time": "24 hours daily", "EV Level1 EVSE Num": null, "EV Level2 EVSE Num": null, "EV DC Fast Count": 4.0, "Latitude": 37.7041669, "Longitude": -121.7380378, "geoid_str_": "1 (Tract 4512.01, Alameda, CA)", "total": 4.0 }, "geometry": { "type": "Point", "coordinates": [ -121.7380378, 37.7041669 ] } },
{ "type": "Feature", "properties": { "ID": 397696, "Access Days Time": "24 hours daily", "EV Level1 EVSE Num": null, "EV Level2 EVSE Num": null, "EV DC Fast Count": 8.0, "Latitude": 37.55293, "Longitude": -121.97925, "geoid_str_": "4 (Tract 4419.23, Alameda, CA)", "total": 8.0 }, "geometry": { "type": "Point", "coordinates": [ -121.97925, 37.55293 ] } },
{ "type": "Feature", "properties": { "ID": 398008, "Access Days Time": "24 hours daily", "EV Level1 EVSE Num": null, "EV Level2 EVSE Num": null, "EV DC Fast Count": 12.0, "Latitude": 37.52121, "Longitude": -121.996803, "geoid_str_": "1 (Tract 4446.02, Alameda, CA)", "total": 12.0 }, "geometry": { "type": "Point", "coordinates": [ -121.996803, 37.52121 ] } },
{ "type": "Feature", "properties": { "ID": 398154, "Access Days Time": "24 hours daily", "EV Level1 EVSE Num": null, "EV Level2 EVSE Num": 1.0, "EV DC Fast Count": null, "Latitude": 37.703358, "Longitude": -121.896264, "geoid_str_": "1 (Tract 4501.01, Alameda, CA)", "total": 1.0 }, "geometry": { "type": "Point", "coordinates": [ -121.896264, 37.703358 ] } },
{ "type": "Feature", "properties": { "ID": 398155, "Access Days Time": "24 hours daily", "EV Level1 EVSE Num": null, "EV Level2 EVSE Num": 1.0, "EV DC Fast Count": null, "Latitude": 37.703343, "Longitude": -121.896395, "geoid_str_": "1 (Tract 4501.01, Alameda, CA)", "total": 1.0 }, "geometry": { "type": "Point", "coordinates": [ -121.896395, 37.703343 ] } },
{ "type": "Feature", "properties": { "ID": 398156, "Access Days Time": "24 hours daily", "EV Level1 EVSE Num": null, "EV Level2 EVSE Num": 2.0, "EV DC Fast Count": null, "Latitude": 37.703599, "Longitude": -121.896536, "geoid_str_": "1 (Tract 4501.01, Alameda, CA)", "total": 2.0 }, "geometry": { "type": "Point", "coordinates": [ -121.896536, 37.703599 ] } },
{ "type": "Feature", "properties": { "ID": 398157, "Access Days Time": "24 hours daily", "EV Level1 EVSE Num": null, "EV Level2 EVSE Num": 2.0, "EV DC Fast Count": null, "Latitude": 37.703577, "Longitude": -121.896463, "geoid_str_": "1 (Tract 4501.01, Alameda, CA)", "total": 2.0 }, "geometry": { "type": "Point", "coordinates": [ -121.896463, 37.703577 ] } },
{ "type": "Feature", "properties": { "ID": 398251, "Access Days Time": "24 hours daily", "EV Level1 EVSE Num": null, "EV Level2 EVSE Num": 1.0, "EV DC Fast Count": null, "Latitude": 37.800567, "Longitude": -122.265175, "geoid_str_": "1 (Tract 4034.02, Alameda, CA)", "total": 1.0 }, "geometry": { "type": "Point", "coordinates": [ -122.265175, 37.800567 ] } },
{ "type": "Feature", "properties": { "ID": 398856, "Access Days Time": "24 hours daily", "EV Level1 EVSE Num": null, "EV Level2 EVSE Num": 4.0, "EV DC Fast Count": null, "Latitude": 37.643904, "Longitude": -122.128957, "geoid_str_": "4 (Tract 4371.01, Alameda, CA)", "total": 4.0 }, "geometry": { "type": "Point", "coordinates": [ -122.128957, 37.643904 ] } },
{ "type": "Feature", "properties": { "ID": 398885, "Access Days Time": "24 hours daily", "EV Level1 EVSE Num": null, "EV Level2 EVSE Num": 58.0, "EV DC Fast Count": null, "Latitude": 37.70081, "Longitude": -121.93054, "geoid_str_": "3 (Tract 4504, Alameda, CA)", "total": 58.0 }, "geometry": { "type": "Point", "coordinates": [ -121.93054, 37.70081 ] } },
{ "type": "Feature", "properties": { "ID": 416132, "Access Days Time": "24 hours daily", "EV Level1 EVSE Num": null, "EV Level2 EVSE Num": null, "EV DC Fast Count": 12.0, "Latitude": 37.705696, "Longitude": -121.922239, "geoid_str_": "3 (Tract 4503, Alameda, CA)", "total": 12.0 }, "geometry": { "type": "Point", "coordinates": [ -121.922239, 37.705696 ] } },
{ "type": "Feature", "properties": { "ID": 416622, "Access Days Time": "24 hours daily", "EV Level1 EVSE Num": null, "EV Level2 EVSE Num": 1.0, "EV DC Fast Count": null, "Latitude": 37.553167, "Longitude": -122.090744, "geoid_str_": "4 (Tract 4415.03, Alameda, CA)", "total": 1.0 }, "geometry": { "type": "Point", "coordinates": [ -122.090744, 37.553167 ] } },
{ "type": "Feature", "properties": { "ID": 416623, "Access Days Time": "24 hours daily", "EV Level1 EVSE Num": null, "EV Level2 EVSE Num": 2.0, "EV DC Fast Count": null, "Latitude": 37.553148, "Longitude": -122.090771, "geoid_str_": "4 (Tract 4415.03, Alameda, CA)", "total": 2.0 }, "geometry": { "type": "Point", "coordinates": [ -122.090771, 37.553148 ] } },
{ "type": "Feature", "properties": { "ID": 416624, "Access Days Time": "24 hours daily", "EV Level1 EVSE Num": null, "EV Level2 EVSE Num": 2.0, "EV DC Fast Count": null, "Latitude": 37.553137, "Longitude": -122.090759, "geoid_str_": "4 (Tract 4415.03, Alameda, CA)", "total": 2.0 }, "geometry": { "type": "Point", "coordinates": [ -122.090759, 37.553137 ] } },
{ "type": "Feature", "properties": { "ID": 416625, "Access Days Time": "24 hours daily", "EV Level1 EVSE Num": null, "EV Level2 EVSE Num": 2.0, "EV DC Fast Count": null, "Latitude": 37.553151, "Longitude": -122.090741, "geoid_str_": "4 (Tract 4415.03, Alameda, CA)", "total": 2.0 }, "geometry": { "type": "Point", "coordinates": [ -122.090741, 37.553151 ] } },
{ "type": "Feature", "properties": { "ID": 416626, "Access Days Time": "24 hours daily", "EV Level1 EVSE Num": null, "EV Level2 EVSE Num": 1.0, "EV DC Fast Count": null, "Latitude": 37.553159, "Longitude": -122.09076, "geoid_str_": "4 (Tract 4415.03, Alameda, CA)", "total": 1.0 }, "geometry": { "type": "Point", "coordinates": [ -122.09076, 37.553159 ] } },
{ "type": "Feature", "properties": { "ID": 416919, "Access Days Time": "24 hours daily", "EV Level1 EVSE Num": null, "EV Level2 EVSE Num": null, "EV DC Fast Count": 8.0, "Latitude": 37.68444, "Longitude": -122.09844, "geoid_str_": "1 (Tract 4355, Alameda, CA)", "total": 8.0 }, "geometry": { "type": "Point", "coordinates": [ -122.09844, 37.68444 ] } },
{ "type": "Feature", "properties": { "ID": 416921, "Access Days Time": "24 hours daily", "EV Level1 EVSE Num": null, "EV Level2 EVSE Num": null, "EV DC Fast Count": 8.0, "Latitude": 37.6769863, "Longitude": -121.7854322, "geoid_str_": "1 (Tract 4516.02, Alameda, CA)", "total": 8.0 }, "geometry": { "type": "Point", "coordinates": [ -121.7854322, 37.6769863 ] } },
{ "type": "Feature", "properties": { "ID": 416928, "Access Days Time": "24 hours daily", "EV Level1 EVSE Num": null, "EV Level2 EVSE Num": null, "EV DC Fast Count": 2.0, "Latitude": 37.8375988, "Longitude": -122.2616657, "geoid_str_": "2 (Tract 4003, Alameda, CA)", "total": 2.0 }, "geometry": { "type": "Point", "coordinates": [ -122.2616657, 37.8375988 ] } },
{ "type": "Feature", "properties": { "ID": 416942, "Access Days Time": "24 hours daily", "EV Level1 EVSE Num": null, "EV Level2 EVSE Num": null, "EV DC Fast Count": 4.0, "Latitude": 37.69483, "Longitude": -122.07589, "geoid_str_": "1 (Tract 4310, Alameda, CA)", "total": 4.0 }, "geometry": { "type": "Point", "coordinates": [ -122.07589, 37.69483 ] } },
{ "type": "Feature", "properties": { "ID": 416943, "Access Days Time": "24 hours daily", "EV Level1 EVSE Num": null, "EV Level2 EVSE Num": null, "EV DC Fast Count": 4.0, "Latitude": 37.51873, "Longitude": -121.99211, "geoid_str_": "1 (Tract 4446.02, Alameda, CA)", "total": 4.0 }, "geometry": { "type": "Point", "coordinates": [ -121.99211, 37.51873 ] } },
{ "type": "Feature", "properties": { "ID": 417459, "Access Days Time": "24 hours daily", "EV Level1 EVSE Num": null, "EV Level2 EVSE Num": 14.0, "EV DC Fast Count": null, "Latitude": 37.80761, "Longitude": -122.26489, "geoid_str_": "1 (Tract 4029, Alameda, CA)", "total": 14.0 }, "geometry": { "type": "Point", "coordinates": [ -122.26489, 37.80761 ] } },
{ "type": "Feature", "properties": { "ID": 417824, "Access Days Time": "24 hours daily", "EV Level1 EVSE Num": null, "EV Level2 EVSE Num": null, "EV DC Fast Count": 8.0, "Latitude": 37.6969026, "Longitude": -121.8476573, "geoid_str_": "3 (Tract 4513, Alameda, CA)", "total": 8.0 }, "geometry": { "type": "Point", "coordinates": [ -121.8476573, 37.696902599999987 ] } },
{ "type": "Feature", "properties": { "ID": 417862, "Access Days Time": "24 hours daily", "EV Level1 EVSE Num": null, "EV Level2 EVSE Num": 1.0, "EV DC Fast Count": null, "Latitude": 37.728586, "Longitude": -121.871929, "geoid_str_": "1 (Tract 4507.52, Alameda, CA)", "total": 1.0 }, "geometry": { "type": "Point", "coordinates": [ -121.871929, 37.728586 ] } },
{ "type": "Feature", "properties": { "ID": 417863, "Access Days Time": "24 hours daily", "EV Level1 EVSE Num": null, "EV Level2 EVSE Num": 1.0, "EV DC Fast Count": null, "Latitude": 37.728586, "Longitude": -121.871929, "geoid_str_": "1 (Tract 4507.52, Alameda, CA)", "total": 1.0 }, "geometry": { "type": "Point", "coordinates": [ -121.871929, 37.728586 ] } },
{ "type": "Feature", "properties": { "ID": 420191, "Access Days Time": "Mon: 7:00am-9:00pm; Tue: 7:00am-9:00pm; Wed: 7:00am-9:00pm; Thu: 7:00am-9:00pm; Fri: 7:00am-9:00pm; Sat: 8:00am-10:00pm; Sun: 8:00am-3:00pm", "EV Level1 EVSE Num": null, "EV Level2 EVSE Num": 4.0, "EV DC Fast Count": null, "Latitude": 37.81225364994792, "Longitude": -122.26731777191164, "geoid_str_": "3 (Tract 4013, Alameda, CA)", "total": 4.0 }, "geometry": { "type": "Point", "coordinates": [ -122.267317771911635, 37.81225364994792 ] } },
{ "type": "Feature", "properties": { "ID": 420663, "Access Days Time": "Mon: 12:00am-12:00am; Tue: 12:00am-12:00am; Wed: 12:00am-12:00am; Thu: 12:00am-12:00am; Fri: 12:00am-12:00am; Sat: 12:00am-12:00am; Sun: 12:00am-12:00am", "EV Level1 EVSE Num": null, "EV Level2 EVSE Num": 2.0, "EV DC Fast Count": null, "Latitude": 37.574056, "Longitude": -121.97396, "geoid_str_": "1 (Tract 4412, Alameda, CA)", "total": 2.0 }, "geometry": { "type": "Point", "coordinates": [ -121.97396, 37.574056 ] } },
{ "type": "Feature", "properties": { "ID": 420664, "Access Days Time": "Mon: 12:00am-12:00am; Tue: 12:00am-12:00am; Wed: 12:00am-12:00am; Thu: 12:00am-12:00am; Fri: 12:00am-12:00am; Sat: 12:00am-12:00am; Sun: 12:00am-12:00am", "EV Level1 EVSE Num": null, "EV Level2 EVSE Num": 2.0, "EV DC Fast Count": null, "Latitude": 37.575265, "Longitude": -121.97431, "geoid_str_": "1 (Tract 4412, Alameda, CA)", "total": 2.0 }, "geometry": { "type": "Point", "coordinates": [ -121.97431, 37.575265 ] } },
{ "type": "Feature", "properties": { "ID": 420665, "Access Days Time": "Mon: 12:00am-12:00am; Tue: 12:00am-12:00am; Wed: 12:00am-12:00am; Thu: 12:00am-12:00am; Fri: 12:00am-12:00am; Sat: 12:00am-12:00am; Sun: 12:00am-12:00am", "EV Level1 EVSE Num": null, "EV Level2 EVSE Num": 1.0, "EV DC Fast Count": null, "Latitude": 37.575272, "Longitude": -121.974325, "geoid_str_": "1 (Tract 4412, Alameda, CA)", "total": 1.0 }, "geometry": { "type": "Point", "coordinates": [ -121.974325, 37.575272 ] } },
{ "type": "Feature", "properties": { "ID": 421178, "Access Days Time": "24 hours daily", "EV Level1 EVSE Num": null, "EV Level2 EVSE Num": 2.0, "EV DC Fast Count": null, "Latitude": 37.759332, "Longitude": -122.175106, "geoid_str_": "2 (Tract 4085, Alameda, CA)", "total": 2.0 }, "geometry": { "type": "Point", "coordinates": [ -122.175106, 37.759332 ] } },
{ "type": "Feature", "properties": { "ID": 421179, "Access Days Time": "24 hours daily", "EV Level1 EVSE Num": null, "EV Level2 EVSE Num": 2.0, "EV DC Fast Count": null, "Latitude": 37.759355, "Longitude": -122.175021, "geoid_str_": "2 (Tract 4085, Alameda, CA)", "total": 2.0 }, "geometry": { "type": "Point", "coordinates": [ -122.175021, 37.759355 ] } },
{ "type": "Feature", "properties": { "ID": 421180, "Access Days Time": "24 hours daily", "EV Level1 EVSE Num": null, "EV Level2 EVSE Num": 2.0, "EV DC Fast Count": null, "Latitude": 37.759298, "Longitude": -122.17514, "geoid_str_": "2 (Tract 4085, Alameda, CA)", "total": 2.0 }, "geometry": { "type": "Point", "coordinates": [ -122.17514, 37.759298 ] } },
{ "type": "Feature", "properties": { "ID": 421183, "Access Days Time": "24 hours daily", "EV Level1 EVSE Num": null, "EV Level2 EVSE Num": 1.0, "EV DC Fast Count": null, "Latitude": 37.672085, "Longitude": -122.148297, "geoid_str_": "4 (Tract 4359, Alameda, CA)", "total": 1.0 }, "geometry": { "type": "Point", "coordinates": [ -122.148297, 37.672085 ] } },
{ "type": "Feature", "properties": { "ID": 421184, "Access Days Time": "24 hours daily", "EV Level1 EVSE Num": null, "EV Level2 EVSE Num": 1.0, "EV DC Fast Count": null, "Latitude": 37.672105, "Longitude": -122.148288, "geoid_str_": "4 (Tract 4359, Alameda, CA)", "total": 1.0 }, "geometry": { "type": "Point", "coordinates": [ -122.148288, 37.672105 ] } },
{ "type": "Feature", "properties": { "ID": 421185, "Access Days Time": "24 hours daily", "EV Level1 EVSE Num": null, "EV Level2 EVSE Num": 2.0, "EV DC Fast Count": null, "Latitude": 37.672153, "Longitude": -122.148008, "geoid_str_": "4 (Tract 4359, Alameda, CA)", "total": 2.0 }, "geometry": { "type": "Point", "coordinates": [ -122.148008, 37.672153 ] } },
{ "type": "Feature", "properties": { "ID": 421186, "Access Days Time": "24 hours daily", "EV Level1 EVSE Num": null, "EV Level2 EVSE Num": 2.0, "EV DC Fast Count": null, "Latitude": 37.672183, "Longitude": -122.148113, "geoid_str_": "4 (Tract 4359, Alameda, CA)", "total": 2.0 }, "geometry": { "type": "Point", "coordinates": [ -122.148113, 37.672183 ] } },
{ "type": "Feature", "properties": { "ID": 422176, "Access Days Time": null, "EV Level1 EVSE Num": null, "EV Level2 EVSE Num": null, "EV DC Fast Count": 2.0, "Latitude": 37.548855, "Longitude": -121.9717882, "geoid_str_": "2 (Tract 4419.21, Alameda, CA)", "total": 2.0 }, "geometry": { "type": "Point", "coordinates": [ -121.9717882, 37.548855 ] } },
{ "type": "Feature", "properties": { "ID": 422572, "Access Days Time": "24 hours daily", "EV Level1 EVSE Num": null, "EV Level2 EVSE Num": null, "EV DC Fast Count": 24.0, "Latitude": 37.718289, "Longitude": -121.72523, "geoid_str_": "3 (Tract 4512.02, Alameda, CA)", "total": 24.0 }, "geometry": { "type": "Point", "coordinates": [ -121.72523, 37.718289 ] } },
{ "type": "Feature", "properties": { "ID": 422691, "Access Days Time": "24 hours daily", "EV Level1 EVSE Num": null, "EV Level2 EVSE Num": null, "EV DC Fast Count": 8.0, "Latitude": 37.85307, "Longitude": -122.29038, "geoid_str_": "1 (Tract 4220, Alameda, CA)", "total": 8.0 }, "geometry": { "type": "Point", "coordinates": [ -122.29038, 37.85307 ] } },
{ "type": "Feature", "properties": { "ID": 422741, "Access Days Time": "24 hours daily", "EV Level1 EVSE Num": null, "EV Level2 EVSE Num": 2.0, "EV DC Fast Count": null, "Latitude": 37.688874, "Longitude": -122.149697, "geoid_str_": "1 (Tract 4336, Alameda, CA)", "total": 2.0 }, "geometry": { "type": "Point", "coordinates": [ -122.149697, 37.688874 ] } },
{ "type": "Feature", "properties": { "ID": 422742, "Access Days Time": "24 hours daily", "EV Level1 EVSE Num": null, "EV Level2 EVSE Num": 2.0, "EV DC Fast Count": null, "Latitude": 37.688873, "Longitude": -122.149807, "geoid_str_": "1 (Tract 4336, Alameda, CA)", "total": 2.0 }, "geometry": { "type": "Point", "coordinates": [ -122.149807, 37.688873 ] } },
{ "type": "Feature", "properties": { "ID": 422983, "Access Days Time": "24 hours daily", "EV Level1 EVSE Num": null, "EV Level2 EVSE Num": null, "EV DC Fast Count": 20.0, "Latitude": 37.662214, "Longitude": -121.856817, "geoid_str_": "1 (Tract 4507.42, Alameda, CA)", "total": 20.0 }, "geometry": { "type": "Point", "coordinates": [ -121.856817, 37.662214 ] } },
{ "type": "Feature", "properties": { "ID": 423030, "Access Days Time": "24 hours daily", "EV Level1 EVSE Num": null, "EV Level2 EVSE Num": 1.0, "EV DC Fast Count": null, "Latitude": 37.688745, "Longitude": -122.149611, "geoid_str_": "1 (Tract 4336, Alameda, CA)", "total": 1.0 }, "geometry": { "type": "Point", "coordinates": [ -122.149611, 37.688745 ] } },
{ "type": "Feature", "properties": { "ID": 423031, "Access Days Time": "24 hours daily", "EV Level1 EVSE Num": null, "EV Level2 EVSE Num": 1.0, "EV DC Fast Count": null, "Latitude": 37.688784, "Longitude": -122.149606, "geoid_str_": "1 (Tract 4336, Alameda, CA)", "total": 1.0 }, "geometry": { "type": "Point", "coordinates": [ -122.149606, 37.688784 ] } },
{ "type": "Feature", "properties": { "ID": 434845, "Access Days Time": "24 hours daily", "EV Level1 EVSE Num": null, "EV Level2 EVSE Num": null, "EV DC Fast Count": 1.0, "Latitude": 37.748341, "Longitude": -122.204836, "geoid_str_": "3 (Tract 4090, Alameda, CA)", "total": 1.0 }, "geometry": { "type": "Point", "coordinates": [ -122.204836, 37.748341 ] } },
{ "type": "Feature", "properties": { "ID": 437598, "Access Days Time": "24 hours daily", "EV Level1 EVSE Num": null, "EV Level2 EVSE Num": 2.0, "EV DC Fast Count": null, "Latitude": 37.794611, "Longitude": -122.208256, "geoid_str_": "3 (Tract 4066.01, Alameda, CA)", "total": 2.0 }, "geometry": { "type": "Point", "coordinates": [ -122.208256, 37.794611 ] } },
{ "type": "Feature", "properties": { "ID": 438156, "Access Days Time": "24 hours daily; guest use only", "EV Level1 EVSE Num": null, "EV Level2 EVSE Num": 4.0, "EV DC Fast Count": null, "Latitude": 37.65533, "Longitude": -122.06983, "geoid_str_": "2 (Tract 4365, Alameda, CA)", "total": 4.0 }, "geometry": { "type": "Point", "coordinates": [ -122.06983, 37.65533 ] } },
{ "type": "Feature", "properties": { "ID": 440467, "Access Days Time": "24 hours daily", "EV Level1 EVSE Num": null, "EV Level2 EVSE Num": null, "EV DC Fast Count": 8.0, "Latitude": 37.657112, "Longitude": -121.898083, "geoid_str_": "1 (Tract 4506.07, Alameda, CA)", "total": 8.0 }, "geometry": { "type": "Point", "coordinates": [ -121.898083, 37.657112 ] } },
{ "type": "Feature", "properties": { "ID": 440468, "Access Days Time": "24 hours daily", "EV Level1 EVSE Num": null, "EV Level2 EVSE Num": null, "EV DC Fast Count": 12.0, "Latitude": 37.644591, "Longitude": -122.104036, "geoid_str_": "3 (Tract 4370, Alameda, CA)", "total": 12.0 }, "geometry": { "type": "Point", "coordinates": [ -122.104036, 37.644591 ] } }
]
}
